workerID, gender, nativeLanguage, income, age, sentenceID, domain, utteredPrice, utteredPriceRounded, utteredType, actualPrice, actualPriceRounded, actualType, probOpinion, order, buyer, 
A3VID10OBZ6FUG, F, English, 4, 35, 8, electric kettle, 1000, 1000, round, 500, 500, round, 0.975, 1, Zach, 
A3VID10OBZ6FUG, F, English, 4, 35, 30, electric kettle, 10000, 10000, round, 9999, 10000, sharp, 0.5, 2, Robert, 
A3VID10OBZ6FUG, F, English, 4, 35, 107, watch, 4997, 5000, sharp, 52, 50, sharp, 0.25, 3, Owen, 
A3VID10OBZ6FUG, F, English, 4, 35, 4, electric kettle, 500, 500, round, 500, 500, round, 0.625, 4, Ivan, 
A3VID10OBZ6FUG, F, English, 4, 35, 131, laptop, 1000, 1000, round, 499, 500, sharp, 0.375, 5, Jake, 
A3VID10OBZ6FUG, F, English, 4, 35, 52, electric kettle, 10002, 10000, sharp, 500, 500, round, 0.35, 6, Quinn, 
A3VID10OBZ6FUG, F, English, 4, 35, 84, watch, 10000, 10000, round, 5000, 5000, round, 0.6, 7, Gary, 
A3VID10OBZ6FUG, F, English, 4, 35, 85, watch, 10000, 10000, round, 10000, 10000, round, 0.85, 8, Daniel, 
A3VID10OBZ6FUG, F, English, 4, 35, 48, electric kettle, 4999, 5000, sharp, 498, 500, sharp, 0.4, 9, Fred, 
A2Y8CPGC4IJPSK, M, English, 0, 25, 29, electric kettle, 10000, 10000, round, 4999, 5000, sharp, 1, 1, Daniel, 
A2Y8CPGC4IJPSK, M, English, 0, 25, 84, watch, 10000, 10000, round, 5000, 5000, round, 1, 2, Matt, 
A2Y8CPGC4IJPSK, M, English, 0, 25, 53, electric kettle, 10002, 10000, sharp, 1000, 1000, round, 0.725, 3, Tom, 
A2Y8CPGC4IJPSK, M, English, 0, 25, 148, laptop, 10000, 10000, round, 1001, 1000, sharp, 0.725, 4, Patrick, 
A2Y8CPGC4IJPSK, M, English, 0, 25, 64, watch, 500, 500, round, 500, 500, round, 0.75, 5, George, 
A2Y8CPGC4IJPSK, M, English, 0, 25, 36, electric kettle, 498, 500, sharp, 498, 500, sharp, 0.5, 6, Fred, 
A2Y8CPGC4IJPSK, M, English, 0, 25, 166, laptop, 5002, 5000, sharp, 5000, 5000, round, 0.5, 7, Robert, 
A2Y8CPGC4IJPSK, M, English, 0, 25, 163, laptop, 4998, 5000, sharp, 50, 50, round, 0.75, 8, Quinn, 
A2Y8CPGC4IJPSK, M, English, 0, 25, 91, watch, 53, 50, sharp, 50, 50, round, 0.5, 9, Kenneth, 
A1CA1PH52XPXPR, F, english, 6, 17, 20, electric kettle, 5000, 5000, round, 4997, 5000, sharp, 0.625, 1, Gary, 
A1CA1PH52XPXPR, F, english, 6, 17, 13, electric kettle, 5000, 5000, round, 50, 50, round, 0.85, 2, Charles, 
A1CA1PH52XPXPR, F, english, 6, 17, 59, electric kettle, 9998, 10000, sharp, 4998, 5000, sharp, 0.85, 3, Ethan, 
A1CA1PH52XPXPR, F, english, 6, 17, 139, laptop, 5000, 5000, round, 998, 1000, sharp, 0.3, 4, Owen, 
A1CA1PH52XPXPR, F, english, 6, 17, 25, electric kettle, 10000, 10000, round, 10000, 10000, round, 0.5, 5, Daniel, 
A1CA1PH52XPXPR, F, english, 6, 17, 135, laptop, 5000, 5000, round, 1000, 1000, round, 0.35, 6, Zach, 
A1CA1PH52XPXPR, F, english, 6, 17, 166, laptop, 4999, 5000, sharp, 5000, 5000, round, 0.2, 7, Luke, 
A1CA1PH52XPXPR, F, english, 6, 17, 41, electric kettle, 1003, 1000, sharp, 501, 500, sharp, 0.65, 8, Tom, 
A1CA1PH52XPXPR, F, english, 6, 17, 7, electric kettle, 1000, 1000, round, 50, 50, round, 0.925, 9, Patrick, 
A3LNPBZXHKKAA7, F, English, 8, 45, 157, laptop, 998, 1000, sharp, 50, 50, round, 0.6, 1, Calvin, 
A3LNPBZXHKKAA7, F, English, 8, 45, 68, watch, 1000, 1000, round, 500, 500, round, 0.375, 2, Barry, 
A3LNPBZXHKKAA7, F, English, 8, 45, 88, watch, 10000, 10000, round, 997, 1000, sharp, 0.375, 3, Bob, 
A3LNPBZXHKKAA7, F, English, 8, 45, 53, electric kettle, 10001, 10000, sharp, 1000, 1000, round, 0.25, 4, Alex, 
A3LNPBZXHKKAA7, F, English, 8, 45, 26, electric kettle, 10000, 10000, round, 52, 50, sharp, 0.25, 5, Robert, 
A3LNPBZXHKKAA7, F, English, 8, 45, 71, watch, 1000, 1000, round, 503, 500, sharp, 0.35, 6, Fred, 
A3LNPBZXHKKAA7, F, English, 8, 45, 42, electric kettle, 999, 1000, sharp, 999, 1000, sharp, 0.5, 7, Gary, 
A3LNPBZXHKKAA7, F, English, 8, 45, 138, laptop, 5000, 5000, round, 501, 500, sharp, 0.25, 8, David, 
A3LNPBZXHKKAA7, F, English, 8, 45, 89, watch, 10000, 10000, round, 5001, 5000, sharp, 0.35, 9, Kenneth, 
A3PRX6CU0P34NE, M, English, 4, 25, 81, watch, 10000, 10000, round, 50, 50, round, 0.925, 1, Ethan, 
A3PRX6CU0P34NE, M, English, 4, 25, 14, electric kettle, 5000, 5000, round, 500, 500, round, 0.85, 2, Barry, 
A3PRX6CU0P34NE, M, English, 4, 25, 90, watch, 10000, 10000, round, 10002, 10000, sharp, 0.25, 3, Frank, 
A3PRX6CU0P34NE, M, English, 4, 25, 108, watch, 4998, 5000, sharp, 499, 500, sharp, 0.85, 4, Charles, 
A3PRX6CU0P34NE, M, English, 4, 25, 47, electric kettle, 5003, 5000, sharp, 53, 50, sharp, 0.875, 5, David, 
A3PRX6CU0P34NE, M, English, 4, 25, 46, electric kettle, 5003, 5000, sharp, 5000, 5000, round, 0.25, 6, Patrick, 
A3PRX6CU0P34NE, M, English, 4, 25, 86, watch, 10000, 10000, round, 47, 50, sharp, 1, 7, Zach, 
A3PRX6CU0P34NE, M, English, 4, 25, 177, laptop, 9999, 10000, sharp, 499, 500, sharp, 0.875, 8, Nathan, 
A3PRX6CU0P34NE, M, English, 4, 25, 94, watch, 501, 500, sharp, 500, 500, round, 0.15, 9, Robert, 
A3862RIFFUV141, M, English, 4, 45, 58, electric kettle, 9998, 10000, sharp, 998, 1000, sharp, 1, 1, Fred, 
A3862RIFFUV141, M, English, 4, 45, 113, watch, 9998, 10000, sharp, 1000, 1000, round, 0.9, 2, Gary, 
A3862RIFFUV141, M, English, 4, 45, 176, laptop, 10002, 10000, sharp, 52, 50, sharp, 0.125, 3, Frank, 
A3862RIFFUV141, M, English, 4, 45, 44, electric kettle, 4998, 5000, sharp, 500, 500, round, 0.85, 4, Charles, 
A3862RIFFUV141, M, English, 4, 45, 13, electric kettle, 5000, 5000, round, 50, 50, round, 0.35, 5, Bob, 
A3862RIFFUV141, M, English, 4, 45, 149, laptop, 10000, 10000, round, 4998, 5000, sharp, 0.925, 6, Winston, 
A3862RIFFUV141, M, English, 4, 45, 180, laptop, 10002, 10000, sharp, 10002, 10000, sharp, 1, 7, Quinn, 
A3862RIFFUV141, M, English, 4, 45, 2, electric kettle, 50, 50, round, 52, 50, sharp, 0.1, 8, Luke, 
A3862RIFFUV141, M, English, 4, 45, 108, watch, 4999, 5000, sharp, 498, 500, sharp, 0.75, 9, Calvin, 
A2V9WRIAL9CJZT, F, english, 0, 45, 78, watch, 5000, 5000, round, 502, 500, sharp, 0.25, 1, Ethan, 
A2V9WRIAL9CJZT, F, english, 0, 45, 70, watch, 1000, 1000, round, 48, 50, sharp, 0.15, 2, Quinn, 
A2V9WRIAL9CJZT, F, english, 0, 45, 10, electric kettle, 1000, 1000, round, 48, 50, sharp, 0.175, 3, Albert, 
A2V9WRIAL9CJZT, F, english, 0, 45, 6, electric kettle, 500, 500, round, 501, 500, sharp, 0.55, 4, Eric, 
A2V9WRIAL9CJZT, F, english, 0, 45, 87, watch, 10000, 10000, round, 499, 500, sharp, 0.2, 5, Nathan, 
A2V9WRIAL9CJZT, F, english, 0, 45, 116, watch, 10002, 10000, sharp, 48, 50, sharp, 0.2, 6, Calvin, 
A2V9WRIAL9CJZT, F, english, 0, 45, 82, watch, 10000, 10000, round, 500, 500, round, 0.425, 7, David, 
A2V9WRIAL9CJZT, F, english, 0, 45, 49, electric kettle, 5002, 5000, sharp, 1002, 1000, sharp, 0.55, 8, Gary, 
A2V9WRIAL9CJZT, F, english, 0, 45, 54, electric kettle, 9998, 10000, sharp, 5000, 5000, round, 0.575, 9, Alex, 
A2QT68NJYAJV9P, F, English, 6, 45, 34, electric kettle, 502, 500, sharp, 500, 500, round, 0.75, 1, Ethan, 
A2QT68NJYAJV9P, F, English, 6, 45, 48, electric kettle, 5002, 5000, sharp, 501, 500, sharp, 1, 2, Jake, 
A2QT68NJYAJV9P, F, English, 6, 45, 60, electric kettle, 10002, 10000, sharp, 10002, 10000, sharp, 1, 3, Patrick, 
A2QT68NJYAJV9P, F, English, 6, 45, 22, electric kettle, 10000, 10000, round, 500, 500, round, 1, 4, Bob, 
A2QT68NJYAJV9P, F, English, 6, 45, 146, laptop, 10000, 10000, round, 53, 50, sharp, 0.75, 5, Daniel, 
A2QT68NJYAJV9P, F, English, 6, 45, 138, laptop, 5000, 5000, round, 501, 500, sharp, 0.975, 6, Ivan, 
A2QT68NJYAJV9P, F, English, 6, 45, 91, watch, 53, 50, sharp, 50, 50, round, 0.25, 7, Eric, 
A2QT68NJYAJV9P, F, English, 6, 45, 104, watch, 4999, 5000, sharp, 500, 500, round, 1, 8, Victor, 
A2QT68NJYAJV9P, F, English, 6, 45, 112, watch, 9999, 10000, sharp, 500, 500, round, 0.975, 9, Calvin, 
A3RYI5HXC2MJLN, M, English, 4, 35, 89, watch, 10000, 10000, round, 5002, 5000, sharp, 0.275, 1, Jake, 
A3RYI5HXC2MJLN, M, English, 4, 35, 108, watch, 4997, 5000, sharp, 499, 500, sharp, 0.275, 2, Winston, 
A3RYI5HXC2MJLN, M, English, 4, 35, 177, laptop, 10002, 10000, sharp, 503, 500, sharp, 0.225, 3, Owen, 
A3RYI5HXC2MJLN, M, English, 4, 35, 155, laptop, 497, 500, sharp, 48, 50, sharp, 0.75, 4, George, 
A3RYI5HXC2MJLN, M, English, 4, 35, 146, laptop, 10000, 10000, round, 53, 50, sharp, 0.25, 5, Kenneth, 
A3RYI5HXC2MJLN, M, English, 4, 35, 55, electric kettle, 9998, 10000, sharp, 10000, 10000, round, 0.975, 6, Ivan, 
A3RYI5HXC2MJLN, M, English, 4, 35, 16, electric kettle, 5000, 5000, round, 5000, 5000, round, 0.5, 7, Robert, 
A3RYI5HXC2MJLN, M, English, 4, 35, 41, electric kettle, 998, 1000, sharp, 498, 500, sharp, 0.725, 8, Charles, 
A3RYI5HXC2MJLN, M, English, 4, 35, 121, laptop, 50, 50, round, 50, 50, round, 0.5, 9, Fred, 
AELOYBHVZFDW9, M, english, 4, 55, 5, electric kettle, 500, 500, round, 53, 50, sharp, 0.75, 1, Tom, 
AELOYBHVZFDW9, M, english, 4, 55, 10, electric kettle, 1000, 1000, round, 49, 50, sharp, 0.75, 2, Harry, 
AELOYBHVZFDW9, M, english, 4, 55, 113, watch, 10002, 10000, sharp, 1000, 1000, round, 0.25, 3, Frank, 
AELOYBHVZFDW9, M, english, 4, 55, 62, watch, 50, 50, round, 51, 50, sharp, 0.25, 4, Barry, 
AELOYBHVZFDW9, M, english, 4, 55, 83, watch, 10000, 10000, round, 1000, 1000, round, 0.25, 5, Kenneth, 
AELOYBHVZFDW9, M, english, 4, 55, 50, electric kettle, 4999, 5000, sharp, 4999, 5000, sharp, 0.975, 6, Quinn, 
AELOYBHVZFDW9, M, english, 4, 55, 144, laptop, 10000, 10000, round, 5000, 5000, round, 1, 7, David, 
AELOYBHVZFDW9, M, english, 4, 55, 160, laptop, 999, 1000, sharp, 51, 50, sharp, 0, 8, Luke, 
AELOYBHVZFDW9, M, english, 4, 55, 73, watch, 5000, 5000, round, 50, 50, round, 0.25, 9, Ethan, 
A2TAUP3B2QB99F, F, English, 0, 55, 157, laptop, 1003, 1000, sharp, 50, 50, round, 0.8, 1, Charles, 
A2TAUP3B2QB99F, F, English, 0, 55, 30, electric kettle, 10000, 10000, round, 9998, 10000, sharp, 0.975, 2, Frank, 
A2TAUP3B2QB99F, F, English, 0, 55, 54, electric kettle, 9998, 10000, sharp, 5000, 5000, round, 0.975, 3, Patrick, 
A2TAUP3B2QB99F, F, English, 0, 55, 88, watch, 10000, 10000, round, 998, 1000, sharp, 1, 4, Harry, 
A2TAUP3B2QB99F, F, English, 0, 55, 172, laptop, 10001, 10000, sharp, 500, 500, round, 0.975, 5, Luke, 
A2TAUP3B2QB99F, F, English, 0, 55, 61, watch, 50, 50, round, 50, 50, round, 0.275, 6, Robert, 
A2TAUP3B2QB99F, F, English, 0, 55, 124, laptop, 500, 500, round, 500, 500, round, 0.25, 7, Calvin, 
A2TAUP3B2QB99F, F, English, 0, 55, 16, electric kettle, 5000, 5000, round, 5000, 5000, round, 0.45, 8, George, 
A2TAUP3B2QB99F, F, English, 0, 55, 100, watch, 999, 1000, sharp, 47, 50, sharp, 0.85, 9, Jake, 
AIAEYJ6C87MZW, F, English, 4, 35, 6, electric kettle, 500, 500, round, 503, 500, sharp, 0.725, 1, Albert, 
AIAEYJ6C87MZW, F, English, 4, 35, 114, watch, 9997, 10000, sharp, 5000, 5000, round, 0.4, 2, Harry, 
AIAEYJ6C87MZW, F, English, 4, 35, 98, watch, 1001, 1000, sharp, 500, 500, round, 0.45, 3, Barry, 
AIAEYJ6C87MZW, F, English, 4, 35, 35, electric kettle, 501, 500, sharp, 47, 50, sharp, 0.15, 4, Luke, 
AIAEYJ6C87MZW, F, English, 4, 35, 18, electric kettle, 5000, 5000, round, 501, 500, sharp, 0.375, 5, George, 
AIAEYJ6C87MZW, F, English, 4, 35, 31, electric kettle, 53, 50, sharp, 50, 50, round, 0.45, 6, Bob, 
AIAEYJ6C87MZW, F, English, 4, 35, 103, watch, 4998, 5000, sharp, 50, 50, round, 0.15, 7, Matt, 
AIAEYJ6C87MZW, F, English, 4, 35, 124, laptop, 500, 500, round, 500, 500, round, 0.5, 8, Ethan, 
AIAEYJ6C87MZW, F, English, 4, 35, 27, electric kettle, 10000, 10000, round, 501, 500, sharp, 0.225, 9, Frank, 
A1B82GDY8HRDZQ, F, English, 4, 25, 132, laptop, 1000, 1000, round, 998, 1000, sharp, 1, 1, David, 
A1B82GDY8HRDZQ, F, English, 4, 25, 155, laptop, 499, 500, sharp, 53, 50, sharp, 0.5, 2, Nathan, 
A1B82GDY8HRDZQ, F, English, 4, 25, 43, electric kettle, 4998, 5000, sharp, 50, 50, round, 0.25, 3, Alex, 
A1B82GDY8HRDZQ, F, English, 4, 25, 7, electric kettle, 1000, 1000, round, 50, 50, round, 0.75, 4, Victor, 
A1B82GDY8HRDZQ, F, English, 4, 25, 102, watch, 1003, 1000, sharp, 1003, 1000, sharp, 0.25, 5, Luke, 
A1B82GDY8HRDZQ, F, English, 4, 25, 135, laptop, 5000, 5000, round, 1000, 1000, round, 0.975, 6, Fred, 
A1B82GDY8HRDZQ, F, English, 4, 25, 49, electric kettle, 5003, 5000, sharp, 1002, 1000, sharp, 0.975, 7, Quinn, 
A1B82GDY8HRDZQ, F, English, 4, 25, 62, watch, 50, 50, round, 52, 50, sharp, 0.275, 8, Winston, 
A1B82GDY8HRDZQ, F, English, 4, 25, 115, watch, 9998, 10000, sharp, 10000, 10000, round, 0.25, 9, Ethan, 
A2RIVFEXBRX7OW, F, English, 4, 35, 93, watch, 503, 500, sharp, 50, 50, round, 0.75, 1, Victor, 
A2RIVFEXBRX7OW, F, English, 4, 35, 133, laptop, 5000, 5000, round, 50, 50, round, 0.975, 2, Eric, 
A2RIVFEXBRX7OW, F, English, 4, 35, 94, watch, 502, 500, sharp, 500, 500, round, 0.8, 3, Quinn, 
A2RIVFEXBRX7OW, F, English, 4, 35, 56, electric kettle, 9998, 10000, sharp, 53, 50, sharp, 1, 4, Tom, 
A2RIVFEXBRX7OW, F, English, 4, 35, 16, electric kettle, 5000, 5000, round, 5000, 5000, round, 1, 5, Albert, 
A2RIVFEXBRX7OW, F, English, 4, 35, 100, watch, 999, 1000, sharp, 52, 50, sharp, 0.1, 6, Barry, 
A2RIVFEXBRX7OW, F, English, 4, 35, 111, watch, 10002, 10000, sharp, 50, 50, round, 0.025, 7, Zach, 
A2RIVFEXBRX7OW, F, English, 4, 35, 10, electric kettle, 1000, 1000, round, 49, 50, sharp, 0.075, 8, Matt, 
A2RIVFEXBRX7OW, F, English, 4, 35, 51, electric kettle, 9998, 10000, sharp, 50, 50, round, 0.25, 9, Ethan, 
AW594VW6N2S3L, F, English, 4, 35, 57, electric kettle, 9999, 10000, sharp, 499, 500, sharp, 1, 1, Gary, 
AW594VW6N2S3L, F, English, 4, 35, 35, electric kettle, 501, 500, sharp, 48, 50, sharp, 0.9, 2, Robert, 
AW594VW6N2S3L, F, English, 4, 35, 38, electric kettle, 999, 1000, sharp, 500, 500, round, 0.925, 3, Ethan, 
AW594VW6N2S3L, F, English, 4, 35, 98, watch, 1001, 1000, sharp, 500, 500, round, 1, 4, Jake, 
AW594VW6N2S3L, F, English, 4, 35, 6, electric kettle, 500, 500, round, 497, 500, sharp, 0.5, 5, Frank, 
AW594VW6N2S3L, F, English, 4, 35, 123, laptop, 500, 500, round, 50, 50, round, 0.475, 6, Patrick, 
AW594VW6N2S3L, F, English, 4, 35, 114, watch, 10002, 10000, sharp, 5000, 5000, round, 0.85, 7, Eric, 
AW594VW6N2S3L, F, English, 4, 35, 167, laptop, 5001, 5000, sharp, 51, 50, sharp, 0.675, 8, Barry, 
AW594VW6N2S3L, F, English, 4, 35, 149, laptop, 10000, 10000, round, 4998, 5000, sharp, 0.9, 9, Daniel, 
AW7PPTUTSU4GM, F, English, 4, 35, 100, watch, 1002, 1000, sharp, 53, 50, sharp, 0.3, 1, Barry, 
AW7PPTUTSU4GM, F, English, 4, 35, 145, laptop, 10000, 10000, round, 10000, 10000, round, 0.175, 2, Fred, 
AW7PPTUTSU4GM, F, English, 4, 35, 73, watch, 5000, 5000, round, 50, 50, round, 0.025, 3, Luke, 
AW7PPTUTSU4GM, F, English, 4, 35, 32, electric kettle, 52, 50, sharp, 52, 50, sharp, 0.25, 4, Eric, 
AW7PPTUTSU4GM, F, English, 4, 35, 6, electric kettle, 500, 500, round, 502, 500, sharp, 0.2, 5, George, 
AW7PPTUTSU4GM, F, English, 4, 35, 126, laptop, 500, 500, round, 498, 500, sharp, 0.65, 6, Quinn, 
AW7PPTUTSU4GM, F, English, 4, 35, 12, electric kettle, 1000, 1000, round, 1002, 1000, sharp, 0.35, 7, Gary, 
AW7PPTUTSU4GM, F, English, 4, 35, 45, electric kettle, 4998, 5000, sharp, 1000, 1000, round, 0, 8, Robert, 
AW7PPTUTSU4GM, F, English, 4, 35, 124, laptop, 500, 500, round, 500, 500, round, 0.225, 9, Bob, 
AO7FM98CP90CL, F, English , 4, 35, 143, laptop, 10000, 10000, round, 1000, 1000, round, 0.55, 1, Patrick, 
AO7FM98CP90CL, F, English , 4, 35, 98, watch, 999, 1000, sharp, 500, 500, round, 0.65, 2, Victor, 
AO7FM98CP90CL, F, English , 4, 35, 171, laptop, 9999, 10000, sharp, 50, 50, round, 0.725, 3, Jake, 
AO7FM98CP90CL, F, English , 4, 35, 103, watch, 5002, 5000, sharp, 50, 50, round, 0.625, 4, Matt, 
AO7FM98CP90CL, F, English , 4, 35, 67, watch, 1000, 1000, round, 50, 50, round, 0.5, 5, Ethan, 
AO7FM98CP90CL, F, English , 4, 35, 126, laptop, 500, 500, round, 498, 500, sharp, 0.5, 6, Barry, 
AO7FM98CP90CL, F, English , 4, 35, 7, electric kettle, 1000, 1000, round, 50, 50, round, 0.35, 7, Charles, 
AO7FM98CP90CL, F, English , 4, 35, 145, laptop, 10000, 10000, round, 10000, 10000, round, 0.775, 8, Gary, 
AO7FM98CP90CL, F, English , 4, 35, 70, watch, 1000, 1000, round, 49, 50, sharp, 0.475, 9, Frank, 
AO63KMU3PGNJA, F, English, 4, 45, 27, electric kettle, 10000, 10000, round, 503, 500, sharp, 1, 1, Calvin, 
AO63KMU3PGNJA, F, English, 4, 45, 38, electric kettle, 1002, 1000, sharp, 500, 500, round, 0.65, 2, Alex, 
AO63KMU3PGNJA, F, English, 4, 45, 62, watch, 50, 50, round, 53, 50, sharp, 0.25, 3, Jake, 
AO63KMU3PGNJA, F, English, 4, 45, 43, electric kettle, 4997, 5000, sharp, 50, 50, round, 1, 4, Nathan, 
AO63KMU3PGNJA, F, English, 4, 45, 60, electric kettle, 9998, 10000, sharp, 9998, 10000, sharp, 0.25, 5, Barry, 
AO63KMU3PGNJA, F, English, 4, 45, 125, laptop, 500, 500, round, 51, 50, sharp, 0.75, 6, Robert, 
AO63KMU3PGNJA, F, English, 4, 45, 161, laptop, 998, 1000, sharp, 499, 500, sharp, 0.675, 7, Luke, 
AO63KMU3PGNJA, F, English, 4, 45, 53, electric kettle, 10002, 10000, sharp, 1000, 1000, round, 0.825, 8, Matt, 
AO63KMU3PGNJA, F, English, 4, 45, 64, watch, 500, 500, round, 500, 500, round, 0.25, 9, Ethan, 
A1PFCPFCGNKME3, M, English, 4, 25, 37, electric kettle, 1003, 1000, sharp, 50, 50, round, 0.825, 1, Fred, 
A1PFCPFCGNKME3, M, English, 4, 25, 127, laptop, 1000, 1000, round, 50, 50, round, 0.85, 2, Calvin, 
A1PFCPFCGNKME3, M, English, 4, 25, 141, laptop, 10000, 10000, round, 50, 50, round, 0.95, 3, Daniel, 
A1PFCPFCGNKME3, M, English, 4, 25, 28, electric kettle, 10000, 10000, round, 1001, 1000, sharp, 0.825, 4, Owen, 
A1PFCPFCGNKME3, M, English, 4, 25, 126, laptop, 500, 500, round, 497, 500, sharp, 0.5, 5, Luke, 
A1PFCPFCGNKME3, M, English, 4, 25, 10, electric kettle, 1000, 1000, round, 53, 50, sharp, 0.85, 6, Harry, 
A1PFCPFCGNKME3, M, English, 4, 25, 159, laptop, 1001, 1000, sharp, 1000, 1000, round, 0.45, 7, Gary, 
A1PFCPFCGNKME3, M, English, 4, 25, 178, laptop, 9998, 10000, sharp, 1003, 1000, sharp, 0.925, 8, Tom, 
A1PFCPFCGNKME3, M, English, 4, 25, 23, electric kettle, 10000, 10000, round, 1000, 1000, round, 0.875, 9, Winston, 
A1O3UH3MZXKSUU, M, english, 6, 35, 178, laptop, 10001, 10000, sharp, 997, 1000, sharp, 0.75, 1, Robert, 
A1O3UH3MZXKSUU, M, english, 6, 35, 115, watch, 9998, 10000, sharp, 10000, 10000, round, 0.725, 2, Quinn, 
A1O3UH3MZXKSUU, M, english, 6, 35, 113, watch, 9998, 10000, sharp, 1000, 1000, round, 0.25, 3, Ivan, 
A1O3UH3MZXKSUU, M, english, 6, 35, 12, electric kettle, 1000, 1000, round, 1001, 1000, sharp, 0.275, 4, Bob, 
A1O3UH3MZXKSUU, M, english, 6, 35, 97, watch, 1003, 1000, sharp, 50, 50, round, 0.75, 5, Barry, 
A1O3UH3MZXKSUU, M, english, 6, 35, 90, watch, 10000, 10000, round, 10003, 10000, sharp, 0.95, 6, Daniel, 
A1O3UH3MZXKSUU, M, english, 6, 35, 74, watch, 5000, 5000, round, 500, 500, round, 0.25, 7, Steve, 
A1O3UH3MZXKSUU, M, english, 6, 35, 108, watch, 5001, 5000, sharp, 502, 500, sharp, 0.75, 8, Gary, 
A1O3UH3MZXKSUU, M, english, 6, 35, 152, laptop, 51, 50, sharp, 51, 50, sharp, 0, 9, Tom, 
A3TSHG5R492EHU, M, English, 11, 35, 166, laptop, 5002, 5000, sharp, 5000, 5000, round, 1, 1, Winston, 
A3TSHG5R492EHU, M, English, 11, 35, 106, watch, 4998, 5000, sharp, 5000, 5000, round, 0.5, 2, Jake, 
A3TSHG5R492EHU, M, English, 11, 35, 137, laptop, 5000, 5000, round, 53, 50, sharp, 0.025, 3, Daniel, 
A3TSHG5R492EHU, M, English, 11, 35, 169, laptop, 4999, 5000, sharp, 999, 1000, sharp, 0.25, 4, Gary, 
A3TSHG5R492EHU, M, English, 11, 35, 69, watch, 1000, 1000, round, 1000, 1000, round, 0.5, 5, George, 
A3TSHG5R492EHU, M, English, 11, 35, 121, laptop, 50, 50, round, 50, 50, round, 0.5, 6, Barry, 
A3TSHG5R492EHU, M, English, 11, 35, 139, laptop, 5000, 5000, round, 1003, 1000, sharp, 0.225, 7, Patrick, 
A3TSHG5R492EHU, M, English, 11, 35, 101, watch, 999, 1000, sharp, 499, 500, sharp, 0.225, 8, Alex, 
A3TSHG5R492EHU, M, English, 11, 35, 116, watch, 9998, 10000, sharp, 48, 50, sharp, 0.05, 9, Calvin, 
A33IXL80Y1Y5SF, F, English, 6, 35, 132, laptop, 1000, 1000, round, 1001, 1000, sharp, 0.5, 1, Frank, 
A33IXL80Y1Y5SF, F, English, 6, 35, 23, electric kettle, 10000, 10000, round, 1000, 1000, round, 1, 2, Matt, 
A33IXL80Y1Y5SF, F, English, 6, 35, 158, laptop, 1003, 1000, sharp, 500, 500, round, 0.75, 3, Patrick, 
A33IXL80Y1Y5SF, F, English, 6, 35, 9, electric kettle, 1000, 1000, round, 1000, 1000, round, 0.5, 4, Fred, 
A33IXL80Y1Y5SF, F, English, 6, 35, 129, laptop, 1000, 1000, round, 1000, 1000, round, 0.25, 5, Gary, 
A33IXL80Y1Y5SF, F, English, 6, 35, 176, laptop, 9999, 10000, sharp, 47, 50, sharp, 1, 6, Nathan, 
A33IXL80Y1Y5SF, F, English, 6, 35, 13, electric kettle, 5000, 5000, round, 50, 50, round, 1, 7, Eric, 
A33IXL80Y1Y5SF, F, English, 6, 35, 59, electric kettle, 9997, 10000, sharp, 4997, 5000, sharp, 1, 8, Steve, 
A33IXL80Y1Y5SF, F, English, 6, 35, 113, watch, 10003, 10000, sharp, 1000, 1000, round, 1, 9, Bob, 
A2STG331R3P3FK, F, English, 6, 55, 172, laptop, 10001, 10000, sharp, 500, 500, round, 0.225, 1, Winston, 
A2STG331R3P3FK, F, English, 6, 55, 108, watch, 4997, 5000, sharp, 498, 500, sharp, 0.675, 2, Tom, 
A2STG331R3P3FK, F, English, 6, 55, 68, watch, 1000, 1000, round, 500, 500, round, 0.75, 3, Nathan, 
A2STG331R3P3FK, F, English, 6, 55, 6, electric kettle, 500, 500, round, 498, 500, sharp, 0.575, 4, Steve, 
A2STG331R3P3FK, F, English, 6, 55, 33, electric kettle, 503, 500, sharp, 50, 50, round, 0.25, 5, Quinn, 
A2STG331R3P3FK, F, English, 6, 55, 65, watch, 500, 500, round, 51, 50, sharp, 0.375, 6, Fred, 
A2STG331R3P3FK, F, English, 6, 55, 146, laptop, 10000, 10000, round, 47, 50, sharp, 0.075, 7, Victor, 
A2STG331R3P3FK, F, English, 6, 55, 13, electric kettle, 5000, 5000, round, 50, 50, round, 0.1, 8, David, 
A2STG331R3P3FK, F, English, 6, 55, 107, watch, 5002, 5000, sharp, 48, 50, sharp, 0.025, 9, Matt, 
ALGL826MO4BKZ, F, english, 4, 35, 143, laptop, 10000, 10000, round, 1000, 1000, round, 1, 1, Daniel, 
ALGL826MO4BKZ, F, english, 4, 35, 105, watch, 4998, 5000, sharp, 1000, 1000, round, 0.775, 2, Victor, 
ALGL826MO4BKZ, F, english, 4, 35, 110, watch, 5003, 5000, sharp, 5003, 5000, sharp, 0.275, 3, Bob, 
ALGL826MO4BKZ, F, english, 4, 35, 96, watch, 498, 500, sharp, 498, 500, sharp, 0.25, 4, George, 
ALGL826MO4BKZ, F, english, 4, 35, 43, electric kettle, 4999, 5000, sharp, 50, 50, round, 0.975, 5, Barry, 
ALGL826MO4BKZ, F, english, 4, 35, 92, watch, 47, 50, sharp, 47, 50, sharp, 0.25, 6, Winston, 
ALGL826MO4BKZ, F, english, 4, 35, 171, laptop, 9999, 10000, sharp, 50, 50, round, 0.975, 7, Albert, 
ALGL826MO4BKZ, F, english, 4, 35, 128, laptop, 1000, 1000, round, 500, 500, round, 0.75, 8, Owen, 
ALGL826MO4BKZ, F, english, 4, 35, 48, electric kettle, 4999, 5000, sharp, 497, 500, sharp, 0.925, 9, Matt, 
AO0CQ0WT4FT7T, M, English, 4, 25, 157, laptop, 1003, 1000, sharp, 50, 50, round, 0.25, 1, Ethan, 
AO0CQ0WT4FT7T, M, English, 4, 25, 36, electric kettle, 497, 500, sharp, 497, 500, sharp, 0.75, 2, Frank, 
AO0CQ0WT4FT7T, M, English, 4, 25, 69, watch, 1000, 1000, round, 1000, 1000, round, 0.95, 3, Tom, 
AO0CQ0WT4FT7T, M, English, 4, 25, 124, laptop, 500, 500, round, 500, 500, round, 0.75, 4, Luke, 
AO0CQ0WT4FT7T, M, English, 4, 25, 176, laptop, 10001, 10000, sharp, 52, 50, sharp, 0.225, 5, Owen, 
AO0CQ0WT4FT7T, M, English, 4, 25, 75, watch, 5000, 5000, round, 1000, 1000, round, 0.2, 6, Barry, 
AO0CQ0WT4FT7T, M, English, 4, 25, 126, laptop, 500, 500, round, 499, 500, sharp, 0.7, 7, Steve, 
AO0CQ0WT4FT7T, M, English, 4, 25, 177, laptop, 10001, 10000, sharp, 503, 500, sharp, 0.5, 8, Patrick, 
AO0CQ0WT4FT7T, M, English, 4, 25, 45, electric kettle, 4997, 5000, sharp, 1000, 1000, round, 0.35, 9, Fred, 
A11LIBFSQBF3IH, M, english, 4, 25, 163, laptop, 5003, 5000, sharp, 50, 50, round, 0.925, 1, Bob, 
A11LIBFSQBF3IH, M, english, 4, 25, 95, watch, 498, 500, sharp, 47, 50, sharp, 0.675, 2, Harry, 
A11LIBFSQBF3IH, M, english, 4, 25, 20, electric kettle, 5000, 5000, round, 4997, 5000, sharp, 0.475, 3, Victor, 
A11LIBFSQBF3IH, M, english, 4, 25, 104, watch, 4998, 5000, sharp, 500, 500, round, 0.8, 4, Steve, 
A11LIBFSQBF3IH, M, english, 4, 25, 66, watch, 500, 500, round, 503, 500, sharp, 0.5, 5, Fred, 
A11LIBFSQBF3IH, M, english, 4, 25, 49, electric kettle, 4998, 5000, sharp, 999, 1000, sharp, 1, 6, Quinn, 
A11LIBFSQBF3IH, M, english, 4, 25, 96, watch, 503, 500, sharp, 503, 500, sharp, 0.5, 7, Eric, 
A11LIBFSQBF3IH, M, english, 4, 25, 81, watch, 10000, 10000, round, 50, 50, round, 0.975, 8, Winston, 
A11LIBFSQBF3IH, M, english, 4, 25, 128, laptop, 1000, 1000, round, 500, 500, round, 0.925, 9, Nathan, 
AMMHCMSVOYFMG, M, English, 4, 25, 6, electric kettle, 500, 500, round, 498, 500, sharp, 0.775, 1, Victor, 
AMMHCMSVOYFMG, M, English, 4, 25, 31, electric kettle, 47, 50, sharp, 50, 50, round, 0.75, 2, Charles, 
AMMHCMSVOYFMG, M, English, 4, 25, 171, laptop, 10001, 10000, sharp, 50, 50, round, 0.25, 3, Owen, 
AMMHCMSVOYFMG, M, English, 4, 25, 65, watch, 500, 500, round, 49, 50, sharp, 0.25, 4, Steve, 
AMMHCMSVOYFMG, M, English, 4, 25, 120, watch, 10001, 10000, sharp, 10001, 10000, sharp, 0.725, 5, Luke, 
AMMHCMSVOYFMG, M, English, 4, 25, 41, electric kettle, 1003, 1000, sharp, 502, 500, sharp, 0.325, 6, Tom, 
AMMHCMSVOYFMG, M, English, 4, 25, 58, electric kettle, 10001, 10000, sharp, 1001, 1000, sharp, 0.775, 7, Ivan, 
AMMHCMSVOYFMG, M, English, 4, 25, 40, electric kettle, 998, 1000, sharp, 52, 50, sharp, 0.225, 8, Albert, 
AMMHCMSVOYFMG, M, English, 4, 25, 5, electric kettle, 500, 500, round, 47, 50, sharp, 0.225, 9, Frank, 
A3ORF3CF53JT8O, M, English, 4, 35, 50, electric kettle, 4999, 5000, sharp, 4999, 5000, sharp, 0.75, 1, Fred, 
A3ORF3CF53JT8O, M, English, 4, 35, 158, laptop, 1002, 1000, sharp, 500, 500, round, 0.75, 2, Victor, 
A3ORF3CF53JT8O, M, English, 4, 35, 142, laptop, 10000, 10000, round, 500, 500, round, 1, 3, Alex, 
A3ORF3CF53JT8O, M, English, 4, 35, 156, laptop, 497, 500, sharp, 497, 500, sharp, 0.5, 4, Jake, 
A3ORF3CF53JT8O, M, English, 4, 35, 60, electric kettle, 10003, 10000, sharp, 10003, 10000, sharp, 1, 5, David, 
A3ORF3CF53JT8O, M, English, 4, 35, 144, laptop, 10000, 10000, round, 5000, 5000, round, 0.975, 6, Ivan, 
A3ORF3CF53JT8O, M, English, 4, 35, 44, electric kettle, 5001, 5000, sharp, 500, 500, round, 0.45, 7, Tom, 
A3ORF3CF53JT8O, M, English, 4, 35, 17, electric kettle, 5000, 5000, round, 52, 50, sharp, 0.95, 8, Frank, 
A3ORF3CF53JT8O, M, English, 4, 35, 134, laptop, 5000, 5000, round, 500, 500, round, 1, 9, Winston, 
A280KCPYI7RMS9, M, English , 6, 25, 132, laptop, 1000, 1000, round, 1003, 1000, sharp, 0.825, 1, Harry, 
A280KCPYI7RMS9, M, English , 6, 25, 22, electric kettle, 10000, 10000, round, 500, 500, round, 0.975, 2, Zach, 
A280KCPYI7RMS9, M, English , 6, 25, 166, laptop, 5001, 5000, sharp, 5000, 5000, round, 0.5, 3, David, 
A280KCPYI7RMS9, M, English , 6, 25, 29, electric kettle, 10000, 10000, round, 4997, 5000, sharp, 0.975, 4, Nathan, 
A280KCPYI7RMS9, M, English , 6, 25, 114, watch, 9997, 10000, sharp, 5000, 5000, round, 0.95, 5, Frank, 
A280KCPYI7RMS9, M, English , 6, 25, 77, watch, 5000, 5000, round, 48, 50, sharp, 0.975, 6, Ivan, 
A280KCPYI7RMS9, M, English , 6, 25, 133, laptop, 5000, 5000, round, 50, 50, round, 1, 7, Owen, 
A280KCPYI7RMS9, M, English , 6, 25, 42, electric kettle, 1002, 1000, sharp, 1002, 1000, sharp, 0.225, 8, Tom, 
A280KCPYI7RMS9, M, English , 6, 25, 164, laptop, 5001, 5000, sharp, 500, 500, round, 0.975, 9, Calvin, 
A3NNEI7KV2AE4N, M, english, 4, 35, 130, laptop, 1000, 1000, round, 51, 50, sharp, 0, 1, Matt, 
A3NNEI7KV2AE4N, M, english, 4, 35, 26, electric kettle, 10000, 10000, round, 47, 50, sharp, 0, 2, Harry, 
A3NNEI7KV2AE4N, M, english, 4, 35, 163, laptop, 4997, 5000, sharp, 50, 50, round, 0, 3, Victor, 
A3NNEI7KV2AE4N, M, english, 4, 35, 123, laptop, 500, 500, round, 50, 50, round, 0.05, 4, Albert, 
A3NNEI7KV2AE4N, M, english, 4, 35, 104, watch, 4998, 5000, sharp, 500, 500, round, 0, 5, Quinn, 
A3NNEI7KV2AE4N, M, english, 4, 35, 80, watch, 5000, 5000, round, 4999, 5000, sharp, 0.5, 6, Luke, 
A3NNEI7KV2AE4N, M, english, 4, 35, 71, watch, 1000, 1000, round, 503, 500, sharp, 0.175, 7, Jake, 
A3NNEI7KV2AE4N, M, english, 4, 35, 43, electric kettle, 5002, 5000, sharp, 50, 50, round, 0, 8, Calvin, 
A3NNEI7KV2AE4N, M, english, 4, 35, 21, electric kettle, 10000, 10000, round, 50, 50, round, 0, 9, Zach, 
A1ZIFC5AFQCDZT, F, English, 4, 65, 157, laptop, 1001, 1000, sharp, 50, 50, round, 1, 1, Patrick, 
A1ZIFC5AFQCDZT, F, English, 4, 65, 95, watch, 503, 500, sharp, 48, 50, sharp, 0, 2, Winston, 
A1ZIFC5AFQCDZT, F, English, 4, 65, 31, electric kettle, 48, 50, sharp, 50, 50, round, 0.75, 3, George, 
A1ZIFC5AFQCDZT, F, English, 4, 65, 50, electric kettle, 4998, 5000, sharp, 4998, 5000, sharp, 1, 4, Bob, 
A1ZIFC5AFQCDZT, F, English, 4, 65, 56, electric kettle, 10002, 10000, sharp, 49, 50, sharp, 0.25, 5, Matt, 
A1ZIFC5AFQCDZT, F, English, 4, 65, 104, watch, 5002, 5000, sharp, 500, 500, round, 0.5, 6, Owen, 
A1ZIFC5AFQCDZT, F, English, 4, 65, 176, laptop, 9998, 10000, sharp, 53, 50, sharp, 0, 7, Gary, 
A1ZIFC5AFQCDZT, F, English, 4, 65, 115, watch, 9999, 10000, sharp, 10000, 10000, round, 1, 8, Albert, 
A1ZIFC5AFQCDZT, F, English, 4, 65, 76, watch, 5000, 5000, round, 5000, 5000, round, 0.75, 9, Frank, 
A333VIE924FFIR, F, continental portuguese, 4, 35, 89, watch, 10000, 10000, round, 4997, 5000, sharp, 0.2, 1, Luke, 
A333VIE924FFIR, F, continental portuguese, 4, 35, 102, watch, 997, 1000, sharp, 997, 1000, sharp, 0.75, 2, Matt, 
A333VIE924FFIR, F, continental portuguese, 4, 35, 180, laptop, 10002, 10000, sharp, 10002, 10000, sharp, 0.5, 3, Winston, 
A333VIE924FFIR, F, continental portuguese, 4, 35, 154, laptop, 503, 500, sharp, 500, 500, round, 0.5, 4, Ethan, 
A333VIE924FFIR, F, continental portuguese, 4, 35, 98, watch, 1001, 1000, sharp, 500, 500, round, 0, 5, David, 
A333VIE924FFIR, F, continental portuguese, 4, 35, 65, watch, 500, 500, round, 53, 50, sharp, 0, 6, Bob, 
A333VIE924FFIR, F, continental portuguese, 4, 35, 143, laptop, 10000, 10000, round, 1000, 1000, round, 0, 7, Gary, 
A333VIE924FFIR, F, continental portuguese, 4, 35, 142, laptop, 10000, 10000, round, 500, 500, round, 0, 8, Charles, 
A333VIE924FFIR, F, continental portuguese, 4, 35, 169, laptop, 4997, 5000, sharp, 1003, 1000, sharp, 0.025, 9, Patrick, 
AT7O7V14MGQMP, M, English, 4, 25, 27, electric kettle, 10000, 10000, round, 503, 500, sharp, 1, 1, Winston, 
AT7O7V14MGQMP, M, English, 4, 25, 48, electric kettle, 5002, 5000, sharp, 501, 500, sharp, 0.725, 2, Calvin, 
AT7O7V14MGQMP, M, English, 4, 25, 145, laptop, 10000, 10000, round, 10000, 10000, round, 0.25, 3, Robert, 
AT7O7V14MGQMP, M, English, 4, 25, 85, watch, 10000, 10000, round, 10000, 10000, round, 0.25, 4, Charles, 
AT7O7V14MGQMP, M, English, 4, 25, 156, laptop, 502, 500, sharp, 502, 500, sharp, 0.25, 5, Steve, 
AT7O7V14MGQMP, M, English, 4, 25, 20, electric kettle, 5000, 5000, round, 5001, 5000, sharp, 0, 6, Alex, 
AT7O7V14MGQMP, M, English, 4, 25, 18, electric kettle, 5000, 5000, round, 497, 500, sharp, 0.75, 7, Eric, 
AT7O7V14MGQMP, M, English, 4, 25, 82, watch, 10000, 10000, round, 500, 500, round, 0.975, 8, Kenneth, 
AT7O7V14MGQMP, M, English, 4, 25, 76, watch, 5000, 5000, round, 5000, 5000, round, 0.75, 9, Zach, 
AD8DTHGGFIIRC, M, English, 8, 25, 131, laptop, 1000, 1000, round, 502, 500, sharp, 0.675, 1, George, 
AD8DTHGGFIIRC, M, English, 8, 25, 114, watch, 10003, 10000, sharp, 5000, 5000, round, 0.75, 2, Harry, 
AD8DTHGGFIIRC, M, English, 8, 25, 38, electric kettle, 999, 1000, sharp, 500, 500, round, 0.725, 3, Steve, 
AD8DTHGGFIIRC, M, English, 8, 25, 40, electric kettle, 1003, 1000, sharp, 53, 50, sharp, 0.3, 4, Winston, 
AD8DTHGGFIIRC, M, English, 8, 25, 155, laptop, 501, 500, sharp, 48, 50, sharp, 0.425, 5, Tom, 
AD8DTHGGFIIRC, M, English, 8, 25, 50, electric kettle, 4999, 5000, sharp, 4999, 5000, sharp, 0.55, 6, Kenneth, 
AD8DTHGGFIIRC, M, English, 8, 25, 139, laptop, 5000, 5000, round, 999, 1000, sharp, 0.275, 7, Owen, 
AD8DTHGGFIIRC, M, English, 8, 25, 49, electric kettle, 4998, 5000, sharp, 999, 1000, sharp, 0.375, 8, Jake, 
AD8DTHGGFIIRC, M, English, 8, 25, 163, laptop, 5003, 5000, sharp, 50, 50, round, 0.275, 9, Calvin, 
AY7WOX4UCIBU2, M, English, 6, 25, 20, electric kettle, 5000, 5000, round, 4998, 5000, sharp, 0.75, 1, Robert, 
AY7WOX4UCIBU2, M, English, 6, 25, 57, electric kettle, 9997, 10000, sharp, 499, 500, sharp, 0.175, 2, Patrick, 
AY7WOX4UCIBU2, M, English, 6, 25, 78, watch, 5000, 5000, round, 501, 500, sharp, 0.425, 3, Victor, 
AY7WOX4UCIBU2, M, English, 6, 25, 171, laptop, 10003, 10000, sharp, 50, 50, round, 0.25, 4, Gary, 
AY7WOX4UCIBU2, M, English, 6, 25, 61, watch, 50, 50, round, 50, 50, round, 0.5, 5, Winston, 
AY7WOX4UCIBU2, M, English, 6, 25, 34, electric kettle, 501, 500, sharp, 500, 500, round, 0.5, 6, Daniel, 
AY7WOX4UCIBU2, M, English, 6, 25, 127, laptop, 1000, 1000, round, 50, 50, round, 0.4, 7, Ivan, 
AY7WOX4UCIBU2, M, English, 6, 25, 3, electric kettle, 500, 500, round, 50, 50, round, 0.2, 8, Bob, 
AY7WOX4UCIBU2, M, English, 6, 25, 60, electric kettle, 9998, 10000, sharp, 9998, 10000, sharp, 0.8, 9, Matt, 
A2IR35AA0OLF7C, F, English, 4, 35, 164, laptop, 4998, 5000, sharp, 500, 500, round, 0.75, 1, Robert, 
A2IR35AA0OLF7C, F, English, 4, 35, 13, electric kettle, 5000, 5000, round, 50, 50, round, 0.75, 2, Charles, 
A2IR35AA0OLF7C, F, English, 4, 35, 34, electric kettle, 497, 500, sharp, 500, 500, round, 0.5, 3, Daniel, 
A2IR35AA0OLF7C, F, English, 4, 35, 70, watch, 1000, 1000, round, 48, 50, sharp, 0.75, 4, Steve, 
A2IR35AA0OLF7C, F, English, 4, 35, 32, electric kettle, 47, 50, sharp, 47, 50, sharp, 0.25, 5, Fred, 
A2IR35AA0OLF7C, F, English, 4, 35, 58, electric kettle, 9998, 10000, sharp, 997, 1000, sharp, 0.75, 6, Luke, 
A2IR35AA0OLF7C, F, English, 4, 35, 27, electric kettle, 10000, 10000, round, 503, 500, sharp, 1, 7, Kenneth, 
A2IR35AA0OLF7C, F, English, 4, 35, 7, electric kettle, 1000, 1000, round, 50, 50, round, 0.75, 8, Quinn, 
A2IR35AA0OLF7C, F, English, 4, 35, 20, electric kettle, 5000, 5000, round, 5003, 5000, sharp, 0.5, 9, Barry, 
A1KFK92GEFQ9F5, M, spanish, 4, 25, 102, watch, 998, 1000, sharp, 998, 1000, sharp, 0.975, 1, Barry, 
A1KFK92GEFQ9F5, M, spanish, 4, 25, 81, watch, 10000, 10000, round, 50, 50, round, 0.875, 2, Daniel, 
A1KFK92GEFQ9F5, M, spanish, 4, 25, 126, laptop, 500, 500, round, 501, 500, sharp, 0.75, 3, Victor, 
A1KFK92GEFQ9F5, M, spanish, 4, 25, 108, watch, 5003, 5000, sharp, 502, 500, sharp, 1, 4, Nathan, 
A1KFK92GEFQ9F5, M, spanish, 4, 25, 135, laptop, 5000, 5000, round, 1000, 1000, round, 0.925, 5, Robert, 
A1KFK92GEFQ9F5, M, spanish, 4, 25, 148, laptop, 10000, 10000, round, 1001, 1000, sharp, 0.975, 6, Matt, 
A1KFK92GEFQ9F5, M, spanish, 4, 25, 77, watch, 5000, 5000, round, 53, 50, sharp, 0.975, 7, Kenneth, 
A1KFK92GEFQ9F5, M, spanish, 4, 25, 119, watch, 9999, 10000, sharp, 5001, 5000, sharp, 0.975, 8, Alex, 
A1KFK92GEFQ9F5, M, spanish, 4, 25, 53, electric kettle, 9998, 10000, sharp, 1000, 1000, round, 0.975, 9, Tom, 
A2VP5Z43N3N1CJ, M, English, 4, 35, 115, watch, 9997, 10000, sharp, 10000, 10000, round, 0.75, 1, Kenneth, 
A2VP5Z43N3N1CJ, M, English, 4, 35, 124, laptop, 500, 500, round, 500, 500, round, 0.75, 2, Nathan, 
A2VP5Z43N3N1CJ, M, English, 4, 35, 157, laptop, 999, 1000, sharp, 50, 50, round, 1, 3, George, 
A2VP5Z43N3N1CJ, M, English, 4, 35, 49, electric kettle, 4999, 5000, sharp, 998, 1000, sharp, 0.75, 4, Daniel, 
A2VP5Z43N3N1CJ, M, English, 4, 35, 154, laptop, 503, 500, sharp, 500, 500, round, 0.25, 5, Zach, 
A2VP5Z43N3N1CJ, M, English, 4, 35, 97, watch, 999, 1000, sharp, 50, 50, round, 0.75, 6, Owen, 
A2VP5Z43N3N1CJ, M, English, 4, 35, 149, laptop, 10000, 10000, round, 5003, 5000, sharp, 0.75, 7, Ethan, 
A2VP5Z43N3N1CJ, M, English, 4, 35, 53, electric kettle, 9997, 10000, sharp, 1000, 1000, round, 0.75, 8, Eric, 
A2VP5Z43N3N1CJ, M, English, 4, 35, 164, laptop, 4998, 5000, sharp, 500, 500, round, 0.75, 9, Winston, 
A1PJYMEPRCGW2O, M, English, 0, 25, 131, laptop, 1000, 1000, round, 502, 500, sharp, 0.85, 1, Fred, 
A1PJYMEPRCGW2O, M, English, 0, 25, 16, electric kettle, 5000, 5000, round, 5000, 5000, round, 0.5, 2, Jake, 
A1PJYMEPRCGW2O, M, English, 0, 25, 20, electric kettle, 5000, 5000, round, 4998, 5000, sharp, 0.5, 3, Charles, 
A1PJYMEPRCGW2O, M, English, 0, 25, 123, laptop, 500, 500, round, 50, 50, round, 0.6, 4, Bob, 
A1PJYMEPRCGW2O, M, English, 0, 25, 153, laptop, 502, 500, sharp, 50, 50, round, 0.6, 5, Patrick, 
A1PJYMEPRCGW2O, M, English, 0, 25, 72, watch, 1000, 1000, round, 1001, 1000, sharp, 0.5, 6, George, 
A1PJYMEPRCGW2O, M, English, 0, 25, 36, electric kettle, 503, 500, sharp, 503, 500, sharp, 0.5, 7, Matt, 
A1PJYMEPRCGW2O, M, English, 0, 25, 172, laptop, 10003, 10000, sharp, 500, 500, round, 1, 8, Nathan, 
A1PJYMEPRCGW2O, M, English, 0, 25, 15, electric kettle, 5000, 5000, round, 1000, 1000, round, 1, 9, Quinn, 
A3LI0O659I8GFX, M, English, 4, 25, 174, laptop, 10001, 10000, sharp, 5000, 5000, round, 1, 1, Frank, 
A3LI0O659I8GFX, M, English, 4, 25, 74, watch, 5000, 5000, round, 500, 500, round, 1, 2, Alex, 
A3LI0O659I8GFX, M, English, 4, 25, 68, watch, 1000, 1000, round, 500, 500, round, 0.75, 3, Bob, 
A3LI0O659I8GFX, M, English, 4, 25, 72, watch, 1000, 1000, round, 1001, 1000, sharp, 0.75, 4, Matt, 
A3LI0O659I8GFX, M, English, 4, 25, 155, laptop, 502, 500, sharp, 52, 50, sharp, 1, 5, Quinn, 
A3LI0O659I8GFX, M, English, 4, 25, 168, laptop, 4999, 5000, sharp, 498, 500, sharp, 0.25, 6, Charles, 
A3LI0O659I8GFX, M, English, 4, 25, 162, laptop, 1002, 1000, sharp, 1002, 1000, sharp, 0.25, 7, Gary, 
A3LI0O659I8GFX, M, English, 4, 25, 17, electric kettle, 5000, 5000, round, 52, 50, sharp, 1, 8, Kenneth, 
A3LI0O659I8GFX, M, English, 4, 25, 139, laptop, 5000, 5000, round, 1001, 1000, sharp, 1, 9, Jake, 
A3GWGTLQNHVQ2M, F, english, 8, 35, 111, watch, 10001, 10000, sharp, 50, 50, round, 0.5, 1, Jake, 
A3GWGTLQNHVQ2M, F, english, 8, 35, 103, watch, 4999, 5000, sharp, 50, 50, round, 0.55, 2, Eric, 
A3GWGTLQNHVQ2M, F, english, 8, 35, 57, electric kettle, 9997, 10000, sharp, 501, 500, sharp, 0.65, 3, Harry, 
A3GWGTLQNHVQ2M, F, english, 8, 35, 97, watch, 998, 1000, sharp, 50, 50, round, 0.425, 4, Calvin, 
A3GWGTLQNHVQ2M, F, english, 8, 35, 31, electric kettle, 53, 50, sharp, 50, 50, round, 0.075, 5, Barry, 
A3GWGTLQNHVQ2M, F, english, 8, 35, 53, electric kettle, 10002, 10000, sharp, 1000, 1000, round, 0.725, 6, Tom, 
A3GWGTLQNHVQ2M, F, english, 8, 35, 120, watch, 10002, 10000, sharp, 10002, 10000, sharp, 0.375, 7, Gary, 
A3GWGTLQNHVQ2M, F, english, 8, 35, 134, laptop, 5000, 5000, round, 500, 500, round, 0.8, 8, Nathan, 
A3GWGTLQNHVQ2M, F, english, 8, 35, 161, laptop, 998, 1000, sharp, 498, 500, sharp, 0.55, 9, Frank, 
A16QYEL5HKGF0A, M, English, 4, 35, 89, watch, 10000, 10000, round, 4998, 5000, sharp, 1, 1, Steve, 
A16QYEL5HKGF0A, M, English, 4, 35, 81, watch, 10000, 10000, round, 50, 50, round, 0.25, 2, Ethan, 
A16QYEL5HKGF0A, M, English, 4, 35, 44, electric kettle, 4999, 5000, sharp, 500, 500, round, 0.75, 3, Kenneth, 
A16QYEL5HKGF0A, M, English, 4, 35, 51, electric kettle, 10003, 10000, sharp, 50, 50, round, 0.75, 4, Matt, 
A16QYEL5HKGF0A, M, English, 4, 35, 82, watch, 10000, 10000, round, 500, 500, round, 1, 5, Winston, 
A16QYEL5HKGF0A, M, English, 4, 35, 56, electric kettle, 9999, 10000, sharp, 52, 50, sharp, 0.25, 6, Luke, 
A16QYEL5HKGF0A, M, English, 4, 35, 64, watch, 500, 500, round, 500, 500, round, 0.75, 7, Patrick, 
A16QYEL5HKGF0A, M, English, 4, 35, 148, laptop, 10000, 10000, round, 997, 1000, sharp, 0.875, 8, Robert, 
A16QYEL5HKGF0A, M, English, 4, 35, 159, laptop, 1003, 1000, sharp, 1000, 1000, round, 0.5, 9, Nathan, 
A2DK8SG33EY1LA, M, english, 4, 35, 173, laptop, 9998, 10000, sharp, 1000, 1000, round, 0.475, 1, Luke, 
A2DK8SG33EY1LA, M, english, 4, 35, 41, electric kettle, 1001, 1000, sharp, 498, 500, sharp, 0.45, 2, Daniel, 
A2DK8SG33EY1LA, M, english, 4, 35, 127, laptop, 1000, 1000, round, 50, 50, round, 0.325, 3, Nathan, 
A2DK8SG33EY1LA, M, english, 4, 35, 55, electric kettle, 9998, 10000, sharp, 10000, 10000, round, 0.55, 4, Frank, 
A2DK8SG33EY1LA, M, english, 4, 35, 16, electric kettle, 5000, 5000, round, 5000, 5000, round, 0.675, 5, Kenneth, 
A2DK8SG33EY1LA, M, english, 4, 35, 67, watch, 1000, 1000, round, 50, 50, round, 0.425, 6, Tom, 
A2DK8SG33EY1LA, M, english, 4, 35, 1, electric kettle, 50, 50, round, 50, 50, round, 0.475, 7, Charles, 
A2DK8SG33EY1LA, M, english, 4, 35, 89, watch, 10000, 10000, round, 5003, 5000, sharp, 0.35, 8, Gary, 
A2DK8SG33EY1LA, M, english, 4, 35, 81, watch, 10000, 10000, round, 50, 50, round, 0.2, 9, Owen, 
A24EAYGSHOXEGP, F, English, 4, 65, 64, watch, 500, 500, round, 500, 500, round, 0.775, 1, Luke, 
A24EAYGSHOXEGP, F, English, 4, 65, 153, laptop, 499, 500, sharp, 50, 50, round, 0.925, 2, David, 
A24EAYGSHOXEGP, F, English, 4, 65, 143, laptop, 10000, 10000, round, 1000, 1000, round, 0.95, 3, Nathan, 
A24EAYGSHOXEGP, F, English, 4, 65, 84, watch, 10000, 10000, round, 5000, 5000, round, 0.95, 4, Daniel, 
A24EAYGSHOXEGP, F, English, 4, 65, 22, electric kettle, 10000, 10000, round, 500, 500, round, 0.975, 5, Winston, 
A24EAYGSHOXEGP, F, English, 4, 65, 169, laptop, 4999, 5000, sharp, 999, 1000, sharp, 0.975, 6, Kenneth, 
A24EAYGSHOXEGP, F, English, 4, 65, 15, electric kettle, 5000, 5000, round, 1000, 1000, round, 0.95, 7, Matt, 
A24EAYGSHOXEGP, F, English, 4, 65, 121, laptop, 50, 50, round, 50, 50, round, 0.35, 8, Gary, 
A24EAYGSHOXEGP, F, English, 4, 65, 51, electric kettle, 10001, 10000, sharp, 50, 50, round, 0.975, 9, Bob, 
A12EQIULBHM4HJ, F, English, 4, 35, 132, laptop, 1000, 1000, round, 997, 1000, sharp, 0.75, 1, Robert, 
A12EQIULBHM4HJ, F, English, 4, 35, 86, watch, 10000, 10000, round, 52, 50, sharp, 0, 2, Daniel, 
A12EQIULBHM4HJ, F, English, 4, 35, 166, laptop, 4999, 5000, sharp, 5000, 5000, round, 0.625, 3, Harry, 
A12EQIULBHM4HJ, F, English, 4, 35, 129, laptop, 1000, 1000, round, 1000, 1000, round, 0.5, 4, Eric, 
A12EQIULBHM4HJ, F, English, 4, 35, 141, laptop, 10000, 10000, round, 50, 50, round, 0.625, 5, Zach, 
A12EQIULBHM4HJ, F, English, 4, 35, 77, watch, 5000, 5000, round, 53, 50, sharp, 0.3, 6, Barry, 
A12EQIULBHM4HJ, F, English, 4, 35, 51, electric kettle, 10003, 10000, sharp, 50, 50, round, 0.7, 7, Winston, 
A12EQIULBHM4HJ, F, English, 4, 35, 110, watch, 5002, 5000, sharp, 5002, 5000, sharp, 0.425, 8, Gary, 
A12EQIULBHM4HJ, F, English, 4, 35, 104, watch, 4999, 5000, sharp, 500, 500, round, 0.6, 9, Luke, 
A11S6JA98KWR8E, F, English, 4, 35, 172, laptop, 10001, 10000, sharp, 500, 500, round, 0.75, 1, Victor, 
A11S6JA98KWR8E, F, English, 4, 35, 19, electric kettle, 5000, 5000, round, 997, 1000, sharp, 0.75, 2, Daniel, 
A11S6JA98KWR8E, F, English, 4, 35, 118, watch, 10001, 10000, sharp, 1003, 1000, sharp, 0.75, 3, Ivan, 
A11S6JA98KWR8E, F, English, 4, 35, 129, laptop, 1000, 1000, round, 1000, 1000, round, 0.5, 4, Barry, 
A11S6JA98KWR8E, F, English, 4, 35, 55, electric kettle, 10001, 10000, sharp, 10000, 10000, round, 0.5, 5, Zach, 
A11S6JA98KWR8E, F, English, 4, 35, 95, watch, 499, 500, sharp, 47, 50, sharp, 0.25, 6, Charles, 
A11S6JA98KWR8E, F, English, 4, 35, 168, laptop, 5002, 5000, sharp, 501, 500, sharp, 0.75, 7, Kenneth, 
A11S6JA98KWR8E, F, English, 4, 35, 154, laptop, 501, 500, sharp, 500, 500, round, 0.5, 8, Patrick, 
A11S6JA98KWR8E, F, English, 4, 35, 60, electric kettle, 10001, 10000, sharp, 10001, 10000, sharp, 0.5, 9, Owen, 
A5IIGGABS1NYG, F, English, 0, 25, 74, watch, 5000, 5000, round, 500, 500, round, 0.75, 1, Luke, 
A5IIGGABS1NYG, F, English, 0, 25, 25, electric kettle, 10000, 10000, round, 10000, 10000, round, 0.5, 2, Victor, 
A5IIGGABS1NYG, F, English, 0, 25, 85, watch, 10000, 10000, round, 10000, 10000, round, 0.5, 3, Quinn, 
A5IIGGABS1NYG, F, English, 0, 25, 168, laptop, 5001, 5000, sharp, 503, 500, sharp, 0.825, 4, Tom, 
A5IIGGABS1NYG, F, English, 0, 25, 67, watch, 1000, 1000, round, 50, 50, round, 1, 5, Fred, 
A5IIGGABS1NYG, F, English, 0, 25, 38, electric kettle, 1002, 1000, sharp, 500, 500, round, 0.725, 6, Harry, 
A5IIGGABS1NYG, F, English, 0, 25, 6, electric kettle, 500, 500, round, 502, 500, sharp, 0.25, 7, Alex, 
A5IIGGABS1NYG, F, English, 0, 25, 142, laptop, 10000, 10000, round, 500, 500, round, 1, 8, Owen, 
A5IIGGABS1NYG, F, English, 0, 25, 44, electric kettle, 4998, 5000, sharp, 500, 500, round, 0.6, 9, David, 
A1GD8DF0J6PK8L, M, English, 6, 35, 84, watch, 10000, 10000, round, 5000, 5000, round, 0.725, 1, Owen, 
A1GD8DF0J6PK8L, M, English, 6, 35, 2, electric kettle, 50, 50, round, 51, 50, sharp, 0.5, 2, Jake, 
A1GD8DF0J6PK8L, M, English, 6, 35, 150, laptop, 10000, 10000, round, 9999, 10000, sharp, 0.5, 3, Frank, 
A1GD8DF0J6PK8L, M, English, 6, 35, 129, laptop, 1000, 1000, round, 1000, 1000, round, 0.5, 4, Daniel, 
A1GD8DF0J6PK8L, M, English, 6, 35, 112, watch, 9998, 10000, sharp, 500, 500, round, 0.875, 5, Ivan, 
A1GD8DF0J6PK8L, M, English, 6, 35, 156, laptop, 503, 500, sharp, 503, 500, sharp, 0.5, 6, Bob, 
A1GD8DF0J6PK8L, M, English, 6, 35, 77, watch, 5000, 5000, round, 49, 50, sharp, 0.975, 7, Robert, 
A1GD8DF0J6PK8L, M, English, 6, 35, 76, watch, 5000, 5000, round, 5000, 5000, round, 0.5, 8, Matt, 
A1GD8DF0J6PK8L, M, English, 6, 35, 179, laptop, 10001, 10000, sharp, 5001, 5000, sharp, 0.825, 9, Kenneth, 
A1H0CNG9GBEGR1, F, English, 4, 35, 19, electric kettle, 5000, 5000, round, 997, 1000, sharp, 0.95, 1, Patrick, 
A1H0CNG9GBEGR1, F, English, 4, 35, 67, watch, 1000, 1000, round, 50, 50, round, 0.725, 2, Quinn, 
A1H0CNG9GBEGR1, F, English, 4, 35, 93, watch, 503, 500, sharp, 50, 50, round, 0.725, 3, Barry, 
A1H0CNG9GBEGR1, F, English, 4, 35, 20, electric kettle, 5000, 5000, round, 5003, 5000, sharp, 0.5, 4, Kenneth, 
A1H0CNG9GBEGR1, F, English, 4, 35, 126, laptop, 500, 500, round, 497, 500, sharp, 0.525, 5, Tom, 
A1H0CNG9GBEGR1, F, English, 4, 35, 151, laptop, 53, 50, sharp, 50, 50, round, 0.125, 6, Ivan, 
A1H0CNG9GBEGR1, F, English, 4, 35, 28, electric kettle, 10000, 10000, round, 999, 1000, sharp, 1, 7, Charles, 
A1H0CNG9GBEGR1, F, English, 4, 35, 179, laptop, 10002, 10000, sharp, 4997, 5000, sharp, 0.85, 8, Zach, 
A1H0CNG9GBEGR1, F, English, 4, 35, 47, electric kettle, 4999, 5000, sharp, 47, 50, sharp, 0.9, 9, Jake, 
A2VXO9BR09373K, F, english, 0, 25, 25, electric kettle, 10000, 10000, round, 10000, 10000, round, 0.8, 1, Patrick, 
A2VXO9BR09373K, F, english, 0, 25, 42, electric kettle, 1002, 1000, sharp, 1002, 1000, sharp, 0.575, 2, Charles, 
A2VXO9BR09373K, F, english, 0, 25, 148, laptop, 10000, 10000, round, 1002, 1000, sharp, 0.65, 3, Owen, 
A2VXO9BR09373K, F, english, 0, 25, 91, watch, 53, 50, sharp, 50, 50, round, 0.375, 4, Eric, 
A2VXO9BR09373K, F, english, 0, 25, 53, electric kettle, 10003, 10000, sharp, 1000, 1000, round, 0.775, 5, Daniel, 
A2VXO9BR09373K, F, english, 0, 25, 176, laptop, 9997, 10000, sharp, 53, 50, sharp, 0.25, 6, Robert, 
A2VXO9BR09373K, F, english, 0, 25, 154, laptop, 501, 500, sharp, 500, 500, round, 0.5, 7, Ivan, 
A2VXO9BR09373K, F, english, 0, 25, 135, laptop, 5000, 5000, round, 1000, 1000, round, 0.625, 8, George, 
A2VXO9BR09373K, F, english, 0, 25, 37, electric kettle, 997, 1000, sharp, 50, 50, round, 0.55, 9, Luke, 
AAR6MYZQ0EYMZ, M, English, 6, 35, 33, electric kettle, 497, 500, sharp, 50, 50, round, 0.925, 1, Steve, 
AAR6MYZQ0EYMZ, M, English, 6, 35, 4, electric kettle, 500, 500, round, 500, 500, round, 0.65, 2, Victor, 
AAR6MYZQ0EYMZ, M, English, 6, 35, 103, watch, 4999, 5000, sharp, 50, 50, round, 0.325, 3, Bob, 
AAR6MYZQ0EYMZ, M, English, 6, 35, 27, electric kettle, 10000, 10000, round, 502, 500, sharp, 0.25, 4, Alex, 
AAR6MYZQ0EYMZ, M, English, 6, 35, 115, watch, 10002, 10000, sharp, 10000, 10000, round, 0.95, 5, Zach, 
AAR6MYZQ0EYMZ, M, English, 6, 35, 56, electric kettle, 10002, 10000, sharp, 52, 50, sharp, 0.25, 6, Jake, 
AAR6MYZQ0EYMZ, M, English, 6, 35, 143, laptop, 10000, 10000, round, 1000, 1000, round, 0.6, 7, Daniel, 
AAR6MYZQ0EYMZ, M, English, 6, 35, 17, electric kettle, 5000, 5000, round, 52, 50, sharp, 0.25, 8, Tom, 
AAR6MYZQ0EYMZ, M, English, 6, 35, 45, electric kettle, 4997, 5000, sharp, 1000, 1000, round, 0.6, 9, Matt, 
A1LB8HVSXK66U0, M, English, 0, 35, 162, laptop, 999, 1000, sharp, 999, 1000, sharp, 0.9, 1, Gary, 
A1LB8HVSXK66U0, M, English, 0, 35, 151, laptop, 49, 50, sharp, 50, 50, round, 0.075, 2, Quinn, 
A1LB8HVSXK66U0, M, English, 0, 35, 45, electric kettle, 4997, 5000, sharp, 1000, 1000, round, 0.5, 3, Ethan, 
A1LB8HVSXK66U0, M, English, 0, 35, 84, watch, 10000, 10000, round, 5000, 5000, round, 0.775, 4, Daniel, 
A1LB8HVSXK66U0, M, English, 0, 35, 38, electric kettle, 1001, 1000, sharp, 500, 500, round, 0.775, 5, Fred, 
A1LB8HVSXK66U0, M, English, 0, 35, 132, laptop, 1000, 1000, round, 1003, 1000, sharp, 0.5, 6, Tom, 
A1LB8HVSXK66U0, M, English, 0, 35, 133, laptop, 5000, 5000, round, 50, 50, round, 0.25, 7, Barry, 
A1LB8HVSXK66U0, M, English, 0, 35, 8, electric kettle, 1000, 1000, round, 500, 500, round, 0.5, 8, Luke, 
A1LB8HVSXK66U0, M, English, 0, 35, 11, electric kettle, 1000, 1000, round, 498, 500, sharp, 0.775, 9, Robert, 
A2PRCR5SXD6B7X, M, English, 4, 25, 94, watch, 497, 500, sharp, 500, 500, round, 0.75, 1, Gary, 
A2PRCR5SXD6B7X, M, English, 4, 25, 75, watch, 5000, 5000, round, 1000, 1000, round, 1, 2, Albert, 
A2PRCR5SXD6B7X, M, English, 4, 25, 150, laptop, 10000, 10000, round, 9997, 10000, sharp, 1, 3, Quinn, 
A2PRCR5SXD6B7X, M, English, 4, 25, 165, laptop, 5002, 5000, sharp, 1000, 1000, round, 1, 4, Zach, 
A2PRCR5SXD6B7X, M, English, 4, 25, 143, laptop, 10000, 10000, round, 1000, 1000, round, 1, 5, Owen, 
A2PRCR5SXD6B7X, M, English, 4, 25, 46, electric kettle, 4999, 5000, sharp, 5000, 5000, round, 0.95, 6, Eric, 
A2PRCR5SXD6B7X, M, English, 4, 25, 71, watch, 1000, 1000, round, 501, 500, sharp, 1, 7, Calvin, 
A2PRCR5SXD6B7X, M, English, 4, 25, 9, electric kettle, 1000, 1000, round, 1000, 1000, round, 0.975, 8, Frank, 
A2PRCR5SXD6B7X, M, English, 4, 25, 174, laptop, 9997, 10000, sharp, 5000, 5000, round, 1, 9, Alex, 
A22XK2FSFIAAFG, M, English, 4, 25, 18, electric kettle, 5000, 5000, round, 503, 500, sharp, 0.8, 1, David, 
A22XK2FSFIAAFG, M, English, 4, 25, 27, electric kettle, 10000, 10000, round, 502, 500, sharp, 0.825, 2, Harry, 
A22XK2FSFIAAFG, M, English, 4, 25, 31, electric kettle, 51, 50, sharp, 50, 50, round, 0.3, 3, Quinn, 
A22XK2FSFIAAFG, M, English, 4, 25, 109, watch, 4999, 5000, sharp, 1002, 1000, sharp, 0.675, 4, Tom, 
A22XK2FSFIAAFG, M, English, 4, 25, 134, laptop, 5000, 5000, round, 500, 500, round, 0.825, 5, Bob, 
A22XK2FSFIAAFG, M, English, 4, 25, 106, watch, 4998, 5000, sharp, 5000, 5000, round, 0.325, 6, Barry, 
A22XK2FSFIAAFG, M, English, 4, 25, 98, watch, 1003, 1000, sharp, 500, 500, round, 0.75, 7, Daniel, 
A22XK2FSFIAAFG, M, English, 4, 25, 11, electric kettle, 1000, 1000, round, 502, 500, sharp, 0.7, 8, Robert, 
A22XK2FSFIAAFG, M, English, 4, 25, 124, laptop, 500, 500, round, 500, 500, round, 0.5, 9, Zach, 
A1SDA9AMDTCOCR, F, English, 4, 25, 117, watch, 9997, 10000, sharp, 503, 500, sharp, 1, 1, Fred, 
A1SDA9AMDTCOCR, F, English, 4, 25, 41, electric kettle, 1003, 1000, sharp, 498, 500, sharp, 1, 2, Tom, 
A1SDA9AMDTCOCR, F, English, 4, 25, 161, laptop, 999, 1000, sharp, 502, 500, sharp, 1, 3, Charles, 
A1SDA9AMDTCOCR, F, English, 4, 25, 124, laptop, 500, 500, round, 500, 500, round, 0.5, 4, Victor, 
A1SDA9AMDTCOCR, F, English, 4, 25, 3, electric kettle, 500, 500, round, 50, 50, round, 0.5, 5, Albert, 
A1SDA9AMDTCOCR, F, English, 4, 25, 108, watch, 5001, 5000, sharp, 502, 500, sharp, 1, 6, Gary, 
A1SDA9AMDTCOCR, F, English, 4, 25, 60, electric kettle, 9999, 10000, sharp, 9999, 10000, sharp, 0.75, 7, Harry, 
A1SDA9AMDTCOCR, F, English, 4, 25, 54, electric kettle, 9997, 10000, sharp, 5000, 5000, round, 1, 8, Ethan, 
A1SDA9AMDTCOCR, F, English, 4, 25, 165, laptop, 5001, 5000, sharp, 1000, 1000, round, 0.25, 9, Steve, 
A1ZKLXSO7XLNZM, F, English, 4, 35, 148, laptop, 10000, 10000, round, 1003, 1000, sharp, 0.225, 1, Nathan, 
A1ZKLXSO7XLNZM, F, English, 4, 35, 86, watch, 10000, 10000, round, 48, 50, sharp, 0.925, 2, Robert, 
A1ZKLXSO7XLNZM, F, English, 4, 35, 26, electric kettle, 10000, 10000, round, 48, 50, sharp, 0.925, 3, Bob, 
A1ZKLXSO7XLNZM, F, English, 4, 35, 47, electric kettle, 5001, 5000, sharp, 51, 50, sharp, 0.875, 4, Matt, 
A1ZKLXSO7XLNZM, F, English, 4, 35, 170, laptop, 5003, 5000, sharp, 5003, 5000, sharp, 0.65, 5, Winston, 
A1ZKLXSO7XLNZM, F, English, 4, 35, 6, electric kettle, 500, 500, round, 498, 500, sharp, 0.575, 6, Tom, 
A1ZKLXSO7XLNZM, F, English, 4, 35, 99, watch, 998, 1000, sharp, 1000, 1000, round, 0.6, 7, Fred, 
A1ZKLXSO7XLNZM, F, English, 4, 35, 177, laptop, 10003, 10000, sharp, 497, 500, sharp, 0.875, 8, Patrick, 
A1ZKLXSO7XLNZM, F, English, 4, 35, 19, electric kettle, 5000, 5000, round, 1002, 1000, sharp, 0.85, 9, Daniel, 
A2BJJGIQLWF66V, M, English, 4, 25, 154, laptop, 499, 500, sharp, 500, 500, round, 0.2, 1, Charles, 
A2BJJGIQLWF66V, M, English, 4, 25, 126, laptop, 500, 500, round, 501, 500, sharp, 0.625, 2, Luke, 
A2BJJGIQLWF66V, M, English, 4, 25, 51, electric kettle, 9998, 10000, sharp, 50, 50, round, 0.8, 3, Gary, 
A2BJJGIQLWF66V, M, English, 4, 25, 44, electric kettle, 5003, 5000, sharp, 500, 500, round, 0.2, 4, Jake, 
A2BJJGIQLWF66V, M, English, 4, 25, 125, laptop, 500, 500, round, 48, 50, sharp, 0.9, 5, Frank, 
A2BJJGIQLWF66V, M, English, 4, 25, 59, electric kettle, 10001, 10000, sharp, 5001, 5000, sharp, 0.85, 6, Nathan, 
A2BJJGIQLWF66V, M, English, 4, 25, 70, watch, 1000, 1000, round, 53, 50, sharp, 0.825, 7, Eric, 
A2BJJGIQLWF66V, M, English, 4, 25, 178, laptop, 10002, 10000, sharp, 1001, 1000, sharp, 0.15, 8, Fred, 
A2BJJGIQLWF66V, M, English, 4, 25, 96, watch, 497, 500, sharp, 497, 500, sharp, 0, 9, David, 
A190RIE29YPBW5, M, English, 8, 25, 96, watch, 499, 500, sharp, 499, 500, sharp, 0.75, 1, Kenneth, 
A190RIE29YPBW5, M, English, 8, 25, 68, watch, 1000, 1000, round, 500, 500, round, 0.225, 2, George, 
A190RIE29YPBW5, M, English, 8, 25, 47, electric kettle, 4998, 5000, sharp, 49, 50, sharp, 0, 3, Alex, 
A190RIE29YPBW5, M, English, 8, 25, 98, watch, 998, 1000, sharp, 500, 500, round, 0.725, 4, Quinn, 
A190RIE29YPBW5, M, English, 8, 25, 121, laptop, 50, 50, round, 50, 50, round, 0.5, 5, Harry, 
A190RIE29YPBW5, M, English, 8, 25, 138, laptop, 5000, 5000, round, 497, 500, sharp, 0.175, 6, Daniel, 
A190RIE29YPBW5, M, English, 8, 25, 122, laptop, 50, 50, round, 51, 50, sharp, 0.5, 7, Robert, 
A190RIE29YPBW5, M, English, 8, 25, 3, electric kettle, 500, 500, round, 50, 50, round, 0.05, 8, Zach, 
A190RIE29YPBW5, M, English, 8, 25, 2, electric kettle, 50, 50, round, 47, 50, sharp, 0.5, 9, Calvin, 
A1V5DPNTC9JZZ0, M, English, 4, 25, 47, electric kettle, 5003, 5000, sharp, 48, 50, sharp, 1, 1, Ethan, 
A1V5DPNTC9JZZ0, M, English, 4, 25, 64, watch, 500, 500, round, 500, 500, round, 0.575, 2, Victor, 
A1V5DPNTC9JZZ0, M, English, 4, 25, 18, electric kettle, 5000, 5000, round, 502, 500, sharp, 0.875, 3, Eric, 
A1V5DPNTC9JZZ0, M, English, 4, 25, 111, watch, 9999, 10000, sharp, 50, 50, round, 1, 4, Charles, 
A1V5DPNTC9JZZ0, M, English, 4, 25, 146, laptop, 10000, 10000, round, 53, 50, sharp, 1, 5, Ivan, 
A1V5DPNTC9JZZ0, M, English, 4, 25, 32, electric kettle, 51, 50, sharp, 51, 50, sharp, 0.5, 6, Patrick, 
A1V5DPNTC9JZZ0, M, English, 4, 25, 92, watch, 48, 50, sharp, 48, 50, sharp, 0.5, 7, Zach, 
A1V5DPNTC9JZZ0, M, English, 4, 25, 133, laptop, 5000, 5000, round, 50, 50, round, 0.9, 8, Gary, 
A1V5DPNTC9JZZ0, M, English, 4, 25, 75, watch, 5000, 5000, round, 1000, 1000, round, 0.85, 9, Steve, 
A2S5KB0ONMZV0N, M, English, 0, 25, 47, electric kettle, 5001, 5000, sharp, 51, 50, sharp, 0.8, 1, George, 
A2S5KB0ONMZV0N, M, English, 0, 25, 69, watch, 1000, 1000, round, 1000, 1000, round, 0.5, 2, Frank, 
A2S5KB0ONMZV0N, M, English, 0, 25, 127, laptop, 1000, 1000, round, 50, 50, round, 0.9, 3, Ethan, 
A2S5KB0ONMZV0N, M, English, 0, 25, 84, watch, 10000, 10000, round, 5000, 5000, round, 0.875, 4, Charles, 
A2S5KB0ONMZV0N, M, English, 0, 25, 41, electric kettle, 997, 1000, sharp, 502, 500, sharp, 0.625, 5, Luke, 
A2S5KB0ONMZV0N, M, English, 0, 25, 160, laptop, 1002, 1000, sharp, 48, 50, sharp, 0.75, 6, Daniel, 
A2S5KB0ONMZV0N, M, English, 0, 25, 96, watch, 501, 500, sharp, 501, 500, sharp, 0.5, 7, Quinn, 
A2S5KB0ONMZV0N, M, English, 0, 25, 66, watch, 500, 500, round, 502, 500, sharp, 0.225, 8, Tom, 
A2S5KB0ONMZV0N, M, English, 0, 25, 19, electric kettle, 5000, 5000, round, 998, 1000, sharp, 0.825, 9, Steve, 
A3TUK8LEEYVQT3, F, English, 6, 35, 98, watch, 1002, 1000, sharp, 500, 500, round, 0.75, 1, George, 
A3TUK8LEEYVQT3, F, English, 6, 35, 173, laptop, 10001, 10000, sharp, 1000, 1000, round, 0.75, 2, Kenneth, 
A3TUK8LEEYVQT3, F, English, 6, 35, 103, watch, 4997, 5000, sharp, 50, 50, round, 0.25, 3, Steve, 
A3TUK8LEEYVQT3, F, English, 6, 35, 8, electric kettle, 1000, 1000, round, 500, 500, round, 0.75, 4, Matt, 
A3TUK8LEEYVQT3, F, English, 6, 35, 152, laptop, 47, 50, sharp, 47, 50, sharp, 0, 5, Harry, 
A3TUK8LEEYVQT3, F, English, 6, 35, 48, electric kettle, 4999, 5000, sharp, 497, 500, sharp, 0.75, 6, Barry, 
A3TUK8LEEYVQT3, F, English, 6, 35, 41, electric kettle, 998, 1000, sharp, 501, 500, sharp, 0.25, 7, David, 
A3TUK8LEEYVQT3, F, English, 6, 35, 82, watch, 10000, 10000, round, 500, 500, round, 0.75, 8, Gary, 
A3TUK8LEEYVQT3, F, English, 6, 35, 14, electric kettle, 5000, 5000, round, 500, 500, round, 0.725, 9, Tom, 
ANW7R2VV3V630, M, english, 4, 35, 12, electric kettle, 1000, 1000, round, 1003, 1000, sharp, 0.775, 1, Jake, 
ANW7R2VV3V630, M, english, 4, 35, 14, electric kettle, 5000, 5000, round, 500, 500, round, 0.25, 2, Barry, 
ANW7R2VV3V630, M, english, 4, 35, 15, electric kettle, 5000, 5000, round, 1000, 1000, round, 0.25, 3, Owen, 
ANW7R2VV3V630, M, english, 4, 35, 77, watch, 5000, 5000, round, 49, 50, sharp, 0.025, 4, Robert, 
ANW7R2VV3V630, M, english, 4, 35, 166, laptop, 4997, 5000, sharp, 5000, 5000, round, 0.5, 5, Fred, 
ANW7R2VV3V630, M, english, 4, 35, 73, watch, 5000, 5000, round, 50, 50, round, 0.025, 6, Alex, 
ANW7R2VV3V630, M, english, 4, 35, 43, electric kettle, 4999, 5000, sharp, 50, 50, round, 0, 7, Zach, 
ANW7R2VV3V630, M, english, 4, 35, 31, electric kettle, 47, 50, sharp, 50, 50, round, 0.5, 8, Kenneth, 
ANW7R2VV3V630, M, english, 4, 35, 121, laptop, 50, 50, round, 50, 50, round, 0.5, 9, Harry, 
A1Q1WIWSN6LMDJ, M, English, 6, 55, 72, watch, 1000, 1000, round, 1003, 1000, sharp, 1, 1, Charles, 
A1Q1WIWSN6LMDJ, M, English, 6, 55, 133, laptop, 5000, 5000, round, 50, 50, round, 0.2, 2, George, 
A1Q1WIWSN6LMDJ, M, English, 6, 55, 163, laptop, 4999, 5000, sharp, 50, 50, round, 0.25, 3, Eric, 
A1Q1WIWSN6LMDJ, M, English, 6, 55, 170, laptop, 4997, 5000, sharp, 4997, 5000, sharp, 0.9, 4, Winston, 
A1Q1WIWSN6LMDJ, M, English, 6, 55, 168, laptop, 4997, 5000, sharp, 498, 500, sharp, 0.55, 5, Robert, 
A1Q1WIWSN6LMDJ, M, English, 6, 55, 112, watch, 10002, 10000, sharp, 500, 500, round, 0.775, 6, Jake, 
A1Q1WIWSN6LMDJ, M, English, 6, 55, 150, laptop, 10000, 10000, round, 10002, 10000, sharp, 1, 7, Ivan, 
A1Q1WIWSN6LMDJ, M, English, 6, 55, 78, watch, 5000, 5000, round, 502, 500, sharp, 0.65, 8, Ethan, 
A1Q1WIWSN6LMDJ, M, English, 6, 55, 172, laptop, 9998, 10000, sharp, 500, 500, round, 0.4, 9, Frank, 
A7U0YFC17GMF1, F, english, 4, 25, 83, watch, 10000, 10000, round, 1000, 1000, round, 1, 1, Tom, 
A7U0YFC17GMF1, F, english, 4, 25, 8, electric kettle, 1000, 1000, round, 500, 500, round, 1, 2, Victor, 
A7U0YFC17GMF1, F, english, 4, 25, 20, electric kettle, 5000, 5000, round, 5003, 5000, sharp, 1, 3, Matt, 
A7U0YFC17GMF1, F, english, 4, 25, 70, watch, 1000, 1000, round, 52, 50, sharp, 1, 4, Ethan, 
A7U0YFC17GMF1, F, english, 4, 25, 6, electric kettle, 500, 500, round, 503, 500, sharp, 1, 5, Charles, 
A7U0YFC17GMF1, F, english, 4, 25, 23, electric kettle, 10000, 10000, round, 1000, 1000, round, 1, 6, Owen, 
A7U0YFC17GMF1, F, english, 4, 25, 145, laptop, 10000, 10000, round, 10000, 10000, round, 1, 7, Frank, 
A7U0YFC17GMF1, F, english, 4, 25, 75, watch, 5000, 5000, round, 1000, 1000, round, 1, 8, Winston, 
A7U0YFC17GMF1, F, english, 4, 25, 146, laptop, 10000, 10000, round, 51, 50, sharp, 1, 9, Barry, 
A3BDXTGS0UP24E, M, English, 4, 25, 123, laptop, 500, 500, round, 50, 50, round, 0.75, 1, Charles, 
A3BDXTGS0UP24E, M, English, 4, 25, 34, electric kettle, 498, 500, sharp, 500, 500, round, 0.375, 2, Patrick, 
A3BDXTGS0UP24E, M, English, 4, 25, 78, watch, 5000, 5000, round, 498, 500, sharp, 0.85, 3, Kenneth, 
A3BDXTGS0UP24E, M, English, 4, 25, 40, electric kettle, 998, 1000, sharp, 53, 50, sharp, 0.775, 4, Steve, 
A3BDXTGS0UP24E, M, English, 4, 25, 104, watch, 5002, 5000, sharp, 500, 500, round, 0.825, 5, Tom, 
A3BDXTGS0UP24E, M, English, 4, 25, 95, watch, 502, 500, sharp, 48, 50, sharp, 0.825, 6, Harry, 
A3BDXTGS0UP24E, M, English, 4, 25, 142, laptop, 10000, 10000, round, 500, 500, round, 0.725, 7, Victor, 
A3BDXTGS0UP24E, M, English, 4, 25, 167, laptop, 4997, 5000, sharp, 52, 50, sharp, 0.75, 8, Barry, 
A3BDXTGS0UP24E, M, English, 4, 25, 93, watch, 497, 500, sharp, 50, 50, round, 0.75, 9, George, 
A13XNKKN2LI6DF, M, English, 8, 45, 9, electric kettle, 1000, 1000, round, 1000, 1000, round, 1, 1, Ethan, 
A13XNKKN2LI6DF, M, English, 8, 45, 11, electric kettle, 1000, 1000, round, 498, 500, sharp, 0.75, 2, Fred, 
A13XNKKN2LI6DF, M, English, 8, 45, 152, laptop, 51, 50, sharp, 51, 50, sharp, 0, 3, Albert, 
A13XNKKN2LI6DF, M, English, 8, 45, 108, watch, 5001, 5000, sharp, 497, 500, sharp, 0.25, 4, Winston, 
A13XNKKN2LI6DF, M, English, 8, 45, 156, laptop, 497, 500, sharp, 497, 500, sharp, 0.75, 5, Kenneth, 
A13XNKKN2LI6DF, M, English, 8, 45, 117, watch, 9998, 10000, sharp, 501, 500, sharp, 0.25, 6, Steve, 
A13XNKKN2LI6DF, M, English, 8, 45, 141, laptop, 10000, 10000, round, 50, 50, round, 0, 7, Ivan, 
A13XNKKN2LI6DF, M, English, 8, 45, 54, electric kettle, 9999, 10000, sharp, 5000, 5000, round, 0.5, 8, David, 
A13XNKKN2LI6DF, M, English, 8, 45, 21, electric kettle, 10000, 10000, round, 50, 50, round, 0, 9, Victor, 
A1W7NEHKLKU0P, M, English, 4, 45, 123, laptop, 500, 500, round, 50, 50, round, 0.25, 1, Zach, 
A1W7NEHKLKU0P, M, English, 4, 45, 40, electric kettle, 998, 1000, sharp, 49, 50, sharp, 0.95, 2, Luke, 
A1W7NEHKLKU0P, M, English, 4, 45, 10, electric kettle, 1000, 1000, round, 53, 50, sharp, 0.975, 3, Gary, 
A1W7NEHKLKU0P, M, English, 4, 45, 15, electric kettle, 5000, 5000, round, 1000, 1000, round, 0.825, 4, Albert, 
A1W7NEHKLKU0P, M, English, 4, 45, 125, laptop, 500, 500, round, 48, 50, sharp, 0.6, 5, Kenneth, 
A1W7NEHKLKU0P, M, English, 4, 45, 164, laptop, 4998, 5000, sharp, 500, 500, round, 0.65, 6, Fred, 
A1W7NEHKLKU0P, M, English, 4, 45, 87, watch, 10000, 10000, round, 503, 500, sharp, 0.975, 7, Charles, 
A1W7NEHKLKU0P, M, English, 4, 45, 157, laptop, 1003, 1000, sharp, 50, 50, round, 0.825, 8, David, 
A1W7NEHKLKU0P, M, English, 4, 45, 121, laptop, 50, 50, round, 50, 50, round, 0.025, 9, Owen, 
A2R2TY8G95X2N, F, English, 0, 25, 125, laptop, 500, 500, round, 53, 50, sharp, 0.25, 1, Nathan, 
A2R2TY8G95X2N, F, English, 0, 25, 169, laptop, 5003, 5000, sharp, 999, 1000, sharp, 0.75, 2, Alex, 
A2R2TY8G95X2N, F, English, 0, 25, 64, watch, 500, 500, round, 500, 500, round, 0.975, 3, Frank, 
A2R2TY8G95X2N, F, English, 0, 25, 157, laptop, 1001, 1000, sharp, 50, 50, round, 0.75, 4, Owen, 
A2R2TY8G95X2N, F, English, 0, 25, 39, electric kettle, 1002, 1000, sharp, 1000, 1000, round, 1, 5, Albert, 
A2R2TY8G95X2N, F, English, 0, 25, 79, watch, 5000, 5000, round, 1003, 1000, sharp, 1, 6, Victor, 
A2R2TY8G95X2N, F, English, 0, 25, 178, laptop, 9998, 10000, sharp, 1001, 1000, sharp, 1, 7, Ethan, 
A2R2TY8G95X2N, F, English, 0, 25, 81, watch, 10000, 10000, round, 50, 50, round, 1, 8, Quinn, 
A2R2TY8G95X2N, F, English, 0, 25, 108, watch, 5002, 5000, sharp, 498, 500, sharp, 1, 9, Calvin, 
A2AYPLGIKMDLH9, F, English, 4, 45, 88, watch, 10000, 10000, round, 999, 1000, sharp, 0.25, 1, Nathan, 
A2AYPLGIKMDLH9, F, English, 4, 45, 67, watch, 1000, 1000, round, 50, 50, round, 0.45, 2, Ivan, 
A2AYPLGIKMDLH9, F, English, 4, 45, 102, watch, 1002, 1000, sharp, 1002, 1000, sharp, 0.55, 3, Robert, 
A2AYPLGIKMDLH9, F, English, 4, 45, 109, watch, 5003, 5000, sharp, 997, 1000, sharp, 0.475, 4, Daniel, 
A2AYPLGIKMDLH9, F, English, 4, 45, 110, watch, 4998, 5000, sharp, 4998, 5000, sharp, 0.675, 5, Charles, 
A2AYPLGIKMDLH9, F, English, 4, 45, 10, electric kettle, 1000, 1000, round, 52, 50, sharp, 0.55, 6, Barry, 
A2AYPLGIKMDLH9, F, English, 4, 45, 50, electric kettle, 4999, 5000, sharp, 4999, 5000, sharp, 0.825, 7, Calvin, 
A2AYPLGIKMDLH9, F, English, 4, 45, 105, watch, 5001, 5000, sharp, 1000, 1000, round, 0.525, 8, Zach, 
A2AYPLGIKMDLH9, F, English, 4, 45, 11, electric kettle, 1000, 1000, round, 498, 500, sharp, 0.55, 9, Harry, 
A2QGC1EH2LXZZG, M, English, 4, 55, 44, electric kettle, 4997, 5000, sharp, 500, 500, round, 0.75, 1, Calvin, 
A2QGC1EH2LXZZG, M, English, 4, 55, 72, watch, 1000, 1000, round, 1001, 1000, sharp, 0.25, 2, Luke, 
A2QGC1EH2LXZZG, M, English, 4, 55, 52, electric kettle, 10002, 10000, sharp, 500, 500, round, 0.975, 3, Daniel, 
A2QGC1EH2LXZZG, M, English, 4, 55, 71, watch, 1000, 1000, round, 501, 500, sharp, 0.25, 4, Albert, 
A2QGC1EH2LXZZG, M, English, 4, 55, 149, laptop, 10000, 10000, round, 5001, 5000, sharp, 0.25, 5, Matt, 
A2QGC1EH2LXZZG, M, English, 4, 55, 99, watch, 1002, 1000, sharp, 1000, 1000, round, 0.25, 6, Fred, 
A2QGC1EH2LXZZG, M, English, 4, 55, 20, electric kettle, 5000, 5000, round, 4999, 5000, sharp, 0.75, 7, Jake, 
A2QGC1EH2LXZZG, M, English, 4, 55, 179, laptop, 10003, 10000, sharp, 4998, 5000, sharp, 0.225, 8, Eric, 
A2QGC1EH2LXZZG, M, English, 4, 55, 81, watch, 10000, 10000, round, 50, 50, round, 0.025, 9, George, 
AIE3OOVRC9XHT, F, English, 4, 25, 173, laptop, 10001, 10000, sharp, 1000, 1000, round, 0.95, 1, Matt, 
AIE3OOVRC9XHT, F, English, 4, 25, 141, laptop, 10000, 10000, round, 50, 50, round, 0.125, 2, Jake, 
AIE3OOVRC9XHT, F, English, 4, 25, 78, watch, 5000, 5000, round, 502, 500, sharp, 0.125, 3, Alex, 
AIE3OOVRC9XHT, F, English, 4, 25, 140, laptop, 5000, 5000, round, 4997, 5000, sharp, 0.975, 4, Robert, 
AIE3OOVRC9XHT, F, English, 4, 25, 126, laptop, 500, 500, round, 499, 500, sharp, 0.775, 5, Ethan, 
AIE3OOVRC9XHT, F, English, 4, 25, 21, electric kettle, 10000, 10000, round, 50, 50, round, 0.075, 6, Victor, 
AIE3OOVRC9XHT, F, English, 4, 25, 4, electric kettle, 500, 500, round, 500, 500, round, 0.95, 7, Eric, 
AIE3OOVRC9XHT, F, English, 4, 25, 67, watch, 1000, 1000, round, 50, 50, round, 0.075, 8, Tom, 
AIE3OOVRC9XHT, F, English, 4, 25, 129, laptop, 1000, 1000, round, 1000, 1000, round, 0.95, 9, Calvin, 
A1CA46R2A6TV9W, F, english, 4, 35, 82, watch, 10000, 10000, round, 500, 500, round, 0.975, 1, Nathan, 
A1CA46R2A6TV9W, F, english, 4, 35, 72, watch, 1000, 1000, round, 1002, 1000, sharp, 0.75, 2, Quinn, 
A1CA46R2A6TV9W, F, english, 4, 35, 56, electric kettle, 10002, 10000, sharp, 53, 50, sharp, 1, 3, Barry, 
A1CA46R2A6TV9W, F, english, 4, 35, 75, watch, 5000, 5000, round, 1000, 1000, round, 0.975, 4, Zach, 
A1CA46R2A6TV9W, F, english, 4, 35, 153, laptop, 501, 500, sharp, 50, 50, round, 0.975, 5, Owen, 
A1CA46R2A6TV9W, F, english, 4, 35, 127, laptop, 1000, 1000, round, 50, 50, round, 1, 6, Ethan, 
A1CA46R2A6TV9W, F, english, 4, 35, 30, electric kettle, 10000, 10000, round, 9999, 10000, sharp, 1, 7, Patrick, 
A1CA46R2A6TV9W, F, english, 4, 35, 170, laptop, 5002, 5000, sharp, 5002, 5000, sharp, 1, 8, Jake, 
A1CA46R2A6TV9W, F, english, 4, 35, 165, laptop, 5001, 5000, sharp, 1000, 1000, round, 1, 9, Fred, 
A1VIB1Z1BLMME8, M, English, 4, 35, 158, laptop, 999, 1000, sharp, 500, 500, round, 1, 1, Patrick, 
A1VIB1Z1BLMME8, M, English, 4, 35, 29, electric kettle, 10000, 10000, round, 5003, 5000, sharp, 0.975, 2, Charles, 
A1VIB1Z1BLMME8, M, English, 4, 35, 73, watch, 5000, 5000, round, 50, 50, round, 0.75, 3, Bob, 
A1VIB1Z1BLMME8, M, English, 4, 35, 151, laptop, 52, 50, sharp, 50, 50, round, 0, 4, Alex, 
A1VIB1Z1BLMME8, M, English, 4, 35, 174, laptop, 9999, 10000, sharp, 5000, 5000, round, 1, 5, Victor, 
A1VIB1Z1BLMME8, M, English, 4, 35, 14, electric kettle, 5000, 5000, round, 500, 500, round, 0.975, 6, Barry, 
A1VIB1Z1BLMME8, M, English, 4, 35, 110, watch, 4998, 5000, sharp, 4998, 5000, sharp, 0.5, 7, Harry, 
A1VIB1Z1BLMME8, M, English, 4, 35, 134, laptop, 5000, 5000, round, 500, 500, round, 0.75, 8, Winston, 
A1VIB1Z1BLMME8, M, English, 4, 35, 38, electric kettle, 1001, 1000, sharp, 500, 500, round, 0.75, 9, Zach, 
A28QZ8HV0D95WV, M, English, 8, 25, 35, electric kettle, 502, 500, sharp, 49, 50, sharp, 0.55, 1, Gary, 
A28QZ8HV0D95WV, M, English, 8, 25, 148, laptop, 10000, 10000, round, 1001, 1000, sharp, 0.525, 2, Winston, 
A28QZ8HV0D95WV, M, English, 8, 25, 91, watch, 48, 50, sharp, 50, 50, round, 0.75, 3, Daniel, 
A28QZ8HV0D95WV, M, English, 8, 25, 110, watch, 5001, 5000, sharp, 5001, 5000, sharp, 0.525, 4, Matt, 
A28QZ8HV0D95WV, M, English, 8, 25, 97, watch, 998, 1000, sharp, 50, 50, round, 0.425, 5, Charles, 
A28QZ8HV0D95WV, M, English, 8, 25, 137, laptop, 5000, 5000, round, 48, 50, sharp, 0.35, 6, Patrick, 
A28QZ8HV0D95WV, M, English, 8, 25, 57, electric kettle, 9997, 10000, sharp, 502, 500, sharp, 0.475, 7, Nathan, 
A28QZ8HV0D95WV, M, English, 8, 25, 170, laptop, 5003, 5000, sharp, 5003, 5000, sharp, 0.525, 8, Jake, 
A28QZ8HV0D95WV, M, English, 8, 25, 1, electric kettle, 50, 50, round, 50, 50, round, 0.375, 9, Barry, 
ASQWF9CJ1ZWFL, F, English, 4, 25, 135, laptop, 5000, 5000, round, 1000, 1000, round, 0.975, 1, Kenneth, 
ASQWF9CJ1ZWFL, F, English, 4, 25, 130, laptop, 1000, 1000, round, 49, 50, sharp, 0.975, 2, Albert, 
ASQWF9CJ1ZWFL, F, English, 4, 25, 173, laptop, 9999, 10000, sharp, 1000, 1000, round, 0.5, 3, Quinn, 
ASQWF9CJ1ZWFL, F, English, 4, 25, 32, electric kettle, 52, 50, sharp, 52, 50, sharp, 0.5, 4, Patrick, 
ASQWF9CJ1ZWFL, F, English, 4, 25, 108, watch, 5003, 5000, sharp, 502, 500, sharp, 0.975, 5, Alex, 
ASQWF9CJ1ZWFL, F, English, 4, 25, 75, watch, 5000, 5000, round, 1000, 1000, round, 0.9, 6, Jake, 
ASQWF9CJ1ZWFL, F, English, 4, 25, 171, laptop, 9997, 10000, sharp, 50, 50, round, 1, 7, Eric, 
ASQWF9CJ1ZWFL, F, English, 4, 25, 155, laptop, 498, 500, sharp, 49, 50, sharp, 0.75, 8, Calvin, 
ASQWF9CJ1ZWFL, F, English, 4, 25, 68, watch, 1000, 1000, round, 500, 500, round, 0.75, 9, Robert, 
A1RWNLA279OVA0, M,  English, 4, 35, 26, electric kettle, 10000, 10000, round, 53, 50, sharp, 1, 1, Gary, 
A1RWNLA279OVA0, M,  English, 4, 35, 64, watch, 500, 500, round, 500, 500, round, 0.5, 2, Quinn, 
A1RWNLA279OVA0, M,  English, 4, 35, 134, laptop, 5000, 5000, round, 500, 500, round, 0.65, 3, Frank, 
A1RWNLA279OVA0, M,  English, 4, 35, 8, electric kettle, 1000, 1000, round, 500, 500, round, 0.75, 4, Matt, 
A1RWNLA279OVA0, M,  English, 4, 35, 18, electric kettle, 5000, 5000, round, 498, 500, sharp, 0.75, 5, Ivan, 
A1RWNLA279OVA0, M,  English, 4, 35, 91, watch, 51, 50, sharp, 50, 50, round, 0.25, 6, Victor, 
A1RWNLA279OVA0, M,  English, 4, 35, 174, laptop, 10003, 10000, sharp, 5000, 5000, round, 0.5, 7, Nathan, 
A1RWNLA279OVA0, M,  English, 4, 35, 147, laptop, 10000, 10000, round, 501, 500, sharp, 0.25, 8, Patrick, 
A1RWNLA279OVA0, M,  English, 4, 35, 122, laptop, 50, 50, round, 48, 50, sharp, 0.5, 9, Barry, 
A3DIG6CATVHJB1, M, English, 6, 35, 142, laptop, 10000, 10000, round, 500, 500, round, 0.75, 1, Albert, 
A3DIG6CATVHJB1, M, English, 6, 35, 90, watch, 10000, 10000, round, 10002, 10000, sharp, 0.5, 2, Ivan, 
A3DIG6CATVHJB1, M, English, 6, 35, 132, laptop, 1000, 1000, round, 1003, 1000, sharp, 0.5, 3, Robert, 
A3DIG6CATVHJB1, M, English, 6, 35, 120, watch, 10002, 10000, sharp, 10002, 10000, sharp, 0.75, 4, Steve, 
A3DIG6CATVHJB1, M, English, 6, 35, 97, watch, 1002, 1000, sharp, 50, 50, round, 0.75, 5, Patrick, 
A3DIG6CATVHJB1, M, English, 6, 35, 80, watch, 5000, 5000, round, 4998, 5000, sharp, 0.5, 6, Eric, 
A3DIG6CATVHJB1, M, English, 6, 35, 165, laptop, 4998, 5000, sharp, 1000, 1000, round, 0.75, 7, Jake, 
A3DIG6CATVHJB1, M, English, 6, 35, 164, laptop, 5003, 5000, sharp, 500, 500, round, 0.75, 8, Charles, 
A3DIG6CATVHJB1, M, English, 6, 35, 74, watch, 5000, 5000, round, 500, 500, round, 0.75, 9, Frank, 
A2TP3ORLXROU03, F, English, 10, 35, 168, laptop, 5002, 5000, sharp, 498, 500, sharp, 1, 1, David, 
A2TP3ORLXROU03, F, English, 10, 35, 76, watch, 5000, 5000, round, 5000, 5000, round, 0.75, 2, Calvin, 
A2TP3ORLXROU03, F, English, 10, 35, 126, laptop, 500, 500, round, 498, 500, sharp, 0.5, 3, Harry, 
A2TP3ORLXROU03, F, English, 10, 35, 145, laptop, 10000, 10000, round, 10000, 10000, round, 0.75, 4, Winston, 
A2TP3ORLXROU03, F, English, 10, 35, 11, electric kettle, 1000, 1000, round, 498, 500, sharp, 1, 5, Charles, 
A2TP3ORLXROU03, F, English, 10, 35, 149, laptop, 10000, 10000, round, 5002, 5000, sharp, 0.975, 6, Gary, 
A2TP3ORLXROU03, F, English, 10, 35, 150, laptop, 10000, 10000, round, 10002, 10000, sharp, 0.375, 7, Daniel, 
A2TP3ORLXROU03, F, English, 10, 35, 144, laptop, 10000, 10000, round, 5000, 5000, round, 0.975, 8, Nathan, 
A2TP3ORLXROU03, F, English, 10, 35, 42, electric kettle, 997, 1000, sharp, 997, 1000, sharp, 0.5, 9, Patrick, 
A09265903LS1OKAES4KAC, F, english, 4, 25, 18, electric kettle, 5000, 5000, round, 498, 500, sharp, 1, 1, Jake, 
A09265903LS1OKAES4KAC, F, english, 4, 25, 77, watch, 5000, 5000, round, 49, 50, sharp, 1, 2, Eric, 
A09265903LS1OKAES4KAC, F, english, 4, 25, 178, laptop, 9997, 10000, sharp, 1002, 1000, sharp, 1, 3, George, 
A09265903LS1OKAES4KAC, F, english, 4, 25, 152, laptop, 52, 50, sharp, 52, 50, sharp, 0.5, 4, Charles, 
A09265903LS1OKAES4KAC, F, english, 4, 25, 52, electric kettle, 9998, 10000, sharp, 500, 500, round, 1, 5, Quinn, 
A09265903LS1OKAES4KAC, F, english, 4, 25, 82, watch, 10000, 10000, round, 500, 500, round, 1, 6, Barry, 
A09265903LS1OKAES4KAC, F, english, 4, 25, 163, laptop, 5001, 5000, sharp, 50, 50, round, 1, 7, Matt, 
A09265903LS1OKAES4KAC, F, english, 4, 25, 78, watch, 5000, 5000, round, 497, 500, sharp, 1, 8, Gary, 
A09265903LS1OKAES4KAC, F, english, 4, 25, 15, electric kettle, 5000, 5000, round, 1000, 1000, round, 1, 9, Calvin, 
AOPASFIW08RM6, F, English, 6, 55, 74, watch, 5000, 5000, round, 500, 500, round, 0.975, 1, Steve, 
AOPASFIW08RM6, F, English, 6, 55, 4, electric kettle, 500, 500, round, 500, 500, round, 0.975, 2, Charles, 
AOPASFIW08RM6, F, English, 6, 55, 8, electric kettle, 1000, 1000, round, 500, 500, round, 0.5, 3, Harry, 
AOPASFIW08RM6, F, English, 6, 55, 169, laptop, 4999, 5000, sharp, 998, 1000, sharp, 0.25, 4, Zach, 
AOPASFIW08RM6, F, English, 6, 55, 87, watch, 10000, 10000, round, 501, 500, sharp, 0.05, 5, Kenneth, 
AOPASFIW08RM6, F, English, 6, 55, 65, watch, 500, 500, round, 49, 50, sharp, 0, 6, Victor, 
AOPASFIW08RM6, F, English, 6, 55, 43, electric kettle, 5003, 5000, sharp, 50, 50, round, 0, 7, Fred, 
AOPASFIW08RM6, F, English, 6, 55, 109, watch, 5001, 5000, sharp, 997, 1000, sharp, 0.05, 8, Quinn, 
AOPASFIW08RM6, F, English, 6, 55, 76, watch, 5000, 5000, round, 5000, 5000, round, 0.75, 9, Eric, 
