workerID, gender, nativeLanguage, income, age, sentenceID, domain, numberType, utteredPrice, inferredPrice, probOpinion, order, buyer, 
A2Y8VLAS78HBIQ, M, English, 6, 35, 1, electric kettle, round, 20, 19.99, 0.5, 26, Alex, 
A2Y8VLAS78HBIQ, M, English, 6, 35, 2, electric kettle, round, 50, 49.99, 0.5, 51, Bob, 
A2Y8VLAS78HBIQ, M, English, 6, 35, 3, electric kettle, round, 100, 99.99, 0.5, 35, Calvin, 
A2Y8VLAS78HBIQ, M, English, 6, 35, 4, electric kettle, round, 200, 199.99, 0.5, 77, Dave, 
A2Y8VLAS78HBIQ, M, English, 6, 35, 5, electric kettle, round, 500, 499.99, 0.5, 44, Ed, 
A2Y8VLAS78HBIQ, M, English, 6, 35, 6, electric kettle, round, 1000, 999.99, 0.5, 30, Frank, 
A2Y8VLAS78HBIQ, M, English, 6, 35, 7, electric kettle, round, 2000, 1999.99, 0.5, 49, George, 
A2Y8VLAS78HBIQ, M, English, 6, 35, 8, electric kettle, round, 10000, 9999.99, 0.5, 22, Harry, 
A2Y8VLAS78HBIQ, M, English, 6, 35, 9, electric kettle, sharp, 21, 20.99, 0.5, 57, Ivan, 
A2Y8VLAS78HBIQ, M, English, 6, 35, 10, electric kettle, sharp, 51, 50.99, 0.5, 34, Jake, 
A2Y8VLAS78HBIQ, M, English, 6, 35, 11, electric kettle, sharp, 101, 100.99, 0.5, 21, Kevin, 
A2Y8VLAS78HBIQ, M, English, 6, 35, 12, electric kettle, sharp, 201, 200.99, 0.5, 42, Luke, 
A2Y8VLAS78HBIQ, M, English, 6, 35, 13, electric kettle, sharp, 501, 500.99, 0.5, 27, Mark, 
A2Y8VLAS78HBIQ, M, English, 6, 35, 14, electric kettle, sharp, 1001, 1000.99, 0.5, 33, Ned, 
A2Y8VLAS78HBIQ, M, English, 6, 35, 15, electric kettle, sharp, 2001, 2000.99, 0.5, 16, Owen, 
A2Y8VLAS78HBIQ, M, English, 6, 35, 16, electric kettle, sharp, 10001, 10000.99, 0.5, 95, Paul, 
A2Y8VLAS78HBIQ, M, English, 6, 35, 17, coffee maker, round, 20, 19.99, 0.5, 67, Ryan, 
A2Y8VLAS78HBIQ, M, English, 6, 35, 18, coffee maker, round, 50, 49.99, 0.5, 23, Steve, 
A2Y8VLAS78HBIQ, M, English, 6, 35, 19, coffee maker, round, 100, 99.99, 0.5, 55, Terry, 
A2Y8VLAS78HBIQ, M, English, 6, 35, 20, coffee maker, round, 200, 199.99, 0.5, 83, Victor, 
A2Y8VLAS78HBIQ, M, English, 6, 35, 21, coffee maker, round, 500, 499.99, 0.5, 45, Albert, 
A2Y8VLAS78HBIQ, M, English, 6, 35, 22, coffee maker, round, 1000, 1000.99, 0.5, 9, Barry, 
A2Y8VLAS78HBIQ, M, English, 6, 35, 23, coffee maker, round, 2000, 1999.99, 0.5, 93, Cameron, 
A2Y8VLAS78HBIQ, M, English, 6, 35, 24, coffee maker, round, 10000, 9999.99, 0.5, 64, Darren, 
A2Y8VLAS78HBIQ, M, English, 6, 35, 25, coffee maker, sharp, 21, 20.99, 0.5, 4, Eli, 
A2Y8VLAS78HBIQ, M, English, 6, 35, 26, coffee maker, sharp, 51, 50.99, 0.5, 20, Felix, 
A2Y8VLAS78HBIQ, M, English, 6, 35, 27, coffee maker, sharp, 101, 100.99, 0.5, 75, Gabe, 
A2Y8VLAS78HBIQ, M, English, 6, 35, 28, coffee maker, sharp, 201, 200.99, 0.5, 1, Hal, 
A2Y8VLAS78HBIQ, M, English, 6, 35, 29, coffee maker, sharp, 501, 500.99, 0.5, 89, Irvin, 
A2Y8VLAS78HBIQ, M, English, 6, 35, 30, coffee maker, sharp, 1001, 1000.99, 0.5, 62, Jerry, 
A2Y8VLAS78HBIQ, M, English, 6, 35, 31, coffee maker, sharp, 2001, 2000.99, 0.5, 46, Kenneth, 
A2Y8VLAS78HBIQ, M, English, 6, 35, 32, coffee maker, sharp, 10001, 10000.99, 0.5, 66, Larry, 
A2Y8VLAS78HBIQ, M, English, 6, 35, 33, sweater, round, 20, 19.99, 0.5, 63, Martin, 
A2Y8VLAS78HBIQ, M, English, 6, 35, 34, sweater, round, 50, 49.99, 0.5, 92, Nelson, 
A2Y8VLAS78HBIQ, M, English, 6, 35, 35, sweater, round, 100, 99.99, 0.5, 32, Oscar, 
A2Y8VLAS78HBIQ, M, English, 6, 35, 36, sweater, round, 200, 199.99, 0.5, 60, Perry, 
A2Y8VLAS78HBIQ, M, English, 6, 35, 37, sweater, round, 500, 499.99, 0.5, 85, Ron, 
A2Y8VLAS78HBIQ, M, English, 6, 35, 38, sweater, round, 1000, 999.99, 0.5, 56, Sam, 
A2Y8VLAS78HBIQ, M, English, 6, 35, 39, sweater, round, 2000, 1999.99, 0.5, 47, Ted, 
A2Y8VLAS78HBIQ, M, English, 6, 35, 40, sweater, round, 10000, 9999.99, 0.5, 25, Andrew, 
A2Y8VLAS78HBIQ, M, English, 6, 35, 41, sweater, sharp, 21, 20.99, 0.5, 11, Bart, 
A2Y8VLAS78HBIQ, M, English, 6, 35, 42, sweater, sharp, 51, 50.99, 0.5, 71, Corey, 
A2Y8VLAS78HBIQ, M, English, 6, 35, 43, sweater, sharp, 101, 100.99, 0.5, 87, Don, 
A2Y8VLAS78HBIQ, M, English, 6, 35, 44, sweater, sharp, 201, 200.99, 0.5, 84, Edward, 
A2Y8VLAS78HBIQ, M, English, 6, 35, 45, sweater, sharp, 501, 500.99, 0.5, 39, Fred, 
A2Y8VLAS78HBIQ, M, English, 6, 35, 46, sweater, sharp, 1001, 1000.99, 0.5, 41, Garrett, 
A2Y8VLAS78HBIQ, M, English, 6, 35, 47, sweater, sharp, 2001, 2000.99, 0.5, 78, Henry, 
A2Y8VLAS78HBIQ, M, English, 6, 35, 48, sweater, sharp, 10001, 10000.99, 0.5, 24, Isaac, 
A2Y8VLAS78HBIQ, M, English, 6, 35, 49, headphones, round, 20, 19.99, 0.5, 81, Jordan, 
A2Y8VLAS78HBIQ, M, English, 6, 35, 50, headphones, round, 50, 49.99, 0.5, 79, Keith, 
A2Y8VLAS78HBIQ, M, English, 6, 35, 51, headphones, round, 100, 99.99, 0.5, 18, Laurence , 
A2Y8VLAS78HBIQ, M, English, 6, 35, 52, headphones, round, 200, 199.99, 0.5, 13, Matt, 
A2Y8VLAS78HBIQ, M, English, 6, 35, 53, headphones, round, 500, 499.99, 0.5, 88, Norman, 
A2Y8VLAS78HBIQ, M, English, 6, 35, 54, headphones, round, 1000, 999.99, 0.5, 73, Oliver, 
A2Y8VLAS78HBIQ, M, English, 6, 35, 55, headphones, round, 2000, 1999.99, 0.5, 50, Phillip, 
A2Y8VLAS78HBIQ, M, English, 6, 35, 56, headphones, round, 10000, 9999.99, 0.5, 76, Russell, 
A2Y8VLAS78HBIQ, M, English, 6, 35, 57, headphones, sharp, 21, 20.99, 0.5, 31, Seth, 
A2Y8VLAS78HBIQ, M, English, 6, 35, 58, headphones, sharp, 51, 50.99, 0.5, 8, Tim, 
A2Y8VLAS78HBIQ, M, English, 6, 35, 59, headphones, sharp, 101, 100.99, 0.5, 82, Aaron, 
A2Y8VLAS78HBIQ, M, English, 6, 35, 60, headphones, sharp, 201, 200.99, 0.5, 28, Ben, 
A2Y8VLAS78HBIQ, M, English, 6, 35, 61, headphones, sharp, 501, 500.99, 0.5, 74, Cyrus, 
A2Y8VLAS78HBIQ, M, English, 6, 35, 62, headphones, sharp, 1001, 1000.99, 0.5, 54, Daniel, 
A2Y8VLAS78HBIQ, M, English, 6, 35, 63, headphones, sharp, 2001, 2000.99, 0.5, 59, Eric, 
A2Y8VLAS78HBIQ, M, English, 6, 35, 64, headphones, sharp, 10001, 10000.99, 0.5, 69, Chris, 
A2Y8VLAS78HBIQ, M, English, 6, 35, 65, watch, round, 20, 19.99, 0.5, 68, Charles, 
A2Y8VLAS78HBIQ, M, English, 6, 35, 66, watch, round, 50, 49.99, 0.5, 91, Brian, 
A2Y8VLAS78HBIQ, M, English, 6, 35, 67, watch, round, 100, 99.99, 0.5, 72, Adam, 
A2Y8VLAS78HBIQ, M, English, 6, 35, 68, watch, round, 200, 199.99, 0.5, 61, Michael, 
A2Y8VLAS78HBIQ, M, English, 6, 35, 69, watch, round, 500, 499.99, 0.5, 10, James, 
A2Y8VLAS78HBIQ, M, English, 6, 35, 70, watch, round, 1000, 999.99, 0.5, 96, John, 
A2Y8VLAS78HBIQ, M, English, 6, 35, 71, watch, round, 2000, 1999.99, 0.5, 58, Douglas, 
A2Y8VLAS78HBIQ, M, English, 6, 35, 72, watch, round, 10000, 9999.99, 0.5, 29, Justin, 
A2Y8VLAS78HBIQ, M, English, 6, 35, 73, watch, sharp, 21, 20.99, 0.5, 19, Billy, 
A2Y8VLAS78HBIQ, M, English, 6, 35, 74, watch, sharp, 51, 50.99, 0.5, 80, Howard, 
A2Y8VLAS78HBIQ, M, English, 6, 35, 75, watch, sharp, 101, 100.99, 0.5, 2, Todd, 
A2Y8VLAS78HBIQ, M, English, 6, 35, 76, watch, sharp, 201, 200.99, 0.5, 12, Alan, 
A2Y8VLAS78HBIQ, M, English, 6, 35, 77, watch, sharp, 501, 500.99, 0.5, 70, Jeff, 
A2Y8VLAS78HBIQ, M, English, 6, 35, 78, watch, sharp, 1001, 1000.99, 0.5, 6, Ray, 
A2Y8VLAS78HBIQ, M, English, 6, 35, 79, watch, sharp, 2001, 2000.99, 0.5, 37, Tom, 
A2Y8VLAS78HBIQ, M, English, 6, 35, 80, watch, sharp, 10001, 10000.99, 0.5, 14, Rick, 
A2Y8VLAS78HBIQ, M, English, 6, 35, 81, laptop, round, 20, 19.99, 0.5, 52, Ian, 
A2Y8VLAS78HBIQ, M, English, 6, 35, 82, laptop, round, 50, 49.99, 0.5, 53, Kirk, 
A2Y8VLAS78HBIQ, M, English, 6, 35, 83, laptop, round, 100, 99.99, 0.5, 90, Sean, 
A2Y8VLAS78HBIQ, M, English, 6, 35, 84, laptop, round, 200, 199.99, 0.5, 15, Zach, 
A2Y8VLAS78HBIQ, M, English, 6, 35, 85, laptop, round, 500, 499.99, 0.5, 36, Dean, 
A2Y8VLAS78HBIQ, M, English, 6, 35, 86, laptop, round, 1000, 999.99, 0.5, 65, Theodore, 
A2Y8VLAS78HBIQ, M, English, 6, 35, 87, laptop, round, 2000, 1999.99, 0.5, 38, Rodney, 
A2Y8VLAS78HBIQ, M, English, 6, 35, 88, laptop, round, 10000, 9999.99, 0.5, 17, Will, 
A2Y8VLAS78HBIQ, M, English, 6, 35, 89, laptop, sharp, 21, 20.99, 0.5, 94, Jack, 
A2Y8VLAS78HBIQ, M, English, 6, 35, 90, laptop, sharp, 51, 50.99, 0.5, 3, Roger, 
A2Y8VLAS78HBIQ, M, English, 6, 35, 91, laptop, sharp, 101, 100.99, 0.5, 7, Greg, 
A2Y8VLAS78HBIQ, M, English, 6, 35, 92, laptop, sharp, 201, 200.99, 0.5, 43, Scott, 
A2Y8VLAS78HBIQ, M, English, 6, 35, 93, laptop, sharp, 501, 500.99, 0.5, 40, Joseph, 
A2Y8VLAS78HBIQ, M, English, 6, 35, 94, laptop, sharp, 1001, 1000.99, 0.5, 5, Richard, 
A2Y8VLAS78HBIQ, M, English, 6, 35, 95, laptop, sharp, 2001, 2000.99, 0.5, 48, Carl, 
A2Y8VLAS78HBIQ, M, English, 6, 35, 96, laptop, sharp, 10001, 10000.99, 0.5, 86, Leon, 
A3FKXJVH0K2E3E, M, English, 4, 55, 1, electric kettle, round, 20, 20, 0.025, 65, Alex, 
A3FKXJVH0K2E3E, M, English, 4, 55, 2, electric kettle, round, 50, 20, 0.5, 3, Bob, 
A3FKXJVH0K2E3E, M, English, 4, 55, 3, electric kettle, round, 100, 20, 0.75, 55, Calvin, 
A3FKXJVH0K2E3E, M, English, 4, 55, 4, electric kettle, round, 200, 20, 0.825, 79, Dave, 
A3FKXJVH0K2E3E, M, English, 4, 55, 5, electric kettle, round, 500, 20, 0.975, 69, Ed, 
A3FKXJVH0K2E3E, M, English, 4, 55, 6, electric kettle, round, 1000, 20, 0.975, 70, Frank, 
A3FKXJVH0K2E3E, M, English, 4, 55, 7, electric kettle, round, 2000, 20, 1, 9, George, 
A3FKXJVH0K2E3E, M, English, 4, 55, 8, electric kettle, round, 10000, 20, 0.975, 51, Harry, 
A3FKXJVH0K2E3E, M, English, 4, 55, 9, electric kettle, sharp, 21, 21, 0.025, 26, Ivan, 
A3FKXJVH0K2E3E, M, English, 4, 55, 10, electric kettle, sharp, 51, 51, 0.275, 64, Jake, 
A3FKXJVH0K2E3E, M, English, 4, 55, 11, electric kettle, sharp, 101, 20, 0.75, 50, Kevin, 
A3FKXJVH0K2E3E, M, English, 4, 55, 12, electric kettle, sharp, 201, 20, 0.975, 40, Luke, 
A3FKXJVH0K2E3E, M, English, 4, 55, 13, electric kettle, sharp, 501, 20, 0.975, 32, Mark, 
A3FKXJVH0K2E3E, M, English, 4, 55, 14, electric kettle, sharp, 1001, 20, 0.975, 68, Ned, 
A3FKXJVH0K2E3E, M, English, 4, 55, 15, electric kettle, sharp, 2001, 20, 1, 93, Owen, 
A3FKXJVH0K2E3E, M, English, 4, 55, 16, electric kettle, sharp, 10001, 20, 0.975, 83, Paul, 
A3FKXJVH0K2E3E, M, English, 4, 55, 17, coffee maker, round, 20, 20, 0, 12, Ryan, 
A3FKXJVH0K2E3E, M, English, 4, 55, 18, coffee maker, round, 50, 50, 0.375, 84, Steve, 
A3FKXJVH0K2E3E, M, English, 4, 55, 19, coffee maker, round, 100, 50, 0.5, 45, Terry, 
A3FKXJVH0K2E3E, M, English, 4, 55, 20, coffee maker, round, 200, 25, 0.75, 73, Victor, 
A3FKXJVH0K2E3E, M, English, 4, 55, 21, coffee maker, round, 500, 25, 1, 71, Albert, 
A3FKXJVH0K2E3E, M, English, 4, 55, 22, coffee maker, round, 1000, 20, 1, 62, Barry, 
A3FKXJVH0K2E3E, M, English, 4, 55, 23, coffee maker, round, 2000, 25, 1, 60, Cameron, 
A3FKXJVH0K2E3E, M, English, 4, 55, 24, coffee maker, round, 10000, 20, 0.975, 57, Darren, 
A3FKXJVH0K2E3E, M, English, 4, 55, 25, coffee maker, sharp, 21, 20, 0.025, 20, Eli, 
A3FKXJVH0K2E3E, M, English, 4, 55, 26, coffee maker, sharp, 51, 51, 0.325, 76, Felix, 
A3FKXJVH0K2E3E, M, English, 4, 55, 27, coffee maker, sharp, 101, 25, 0.75, 2, Gabe, 
A3FKXJVH0K2E3E, M, English, 4, 55, 28, coffee maker, sharp, 201, 30, 0.75, 59, Hal, 
A3FKXJVH0K2E3E, M, English, 4, 55, 29, coffee maker, sharp, 501, 25, 0.875, 75, Irvin, 
A3FKXJVH0K2E3E, M, English, 4, 55, 30, coffee maker, sharp, 1001, 20, 0.975, 63, Jerry, 
A3FKXJVH0K2E3E, M, English, 4, 55, 31, coffee maker, sharp, 2001, 20, 0.975, 91, Kenneth, 
A3FKXJVH0K2E3E, M, English, 4, 55, 32, coffee maker, sharp, 10001, 21, 0.975, 30, Larry, 
A3FKXJVH0K2E3E, M, English, 4, 55, 33, sweater, round, 20, 20, 0.025, 35, Martin, 
A3FKXJVH0K2E3E, M, English, 4, 55, 34, sweater, round, 50, 50, 0.25, 38, Nelson, 
A3FKXJVH0K2E3E, M, English, 4, 55, 35, sweater, round, 100, 50, 0.575, 66, Oscar, 
A3FKXJVH0K2E3E, M, English, 4, 55, 36, sweater, round, 200, 50, 0.675, 78, Perry, 
A3FKXJVH0K2E3E, M, English, 4, 55, 37, sweater, round, 500, 50, 0.975, 34, Ron, 
A3FKXJVH0K2E3E, M, English, 4, 55, 38, sweater, round, 1000, 50, 0.975, 72, Sam, 
A3FKXJVH0K2E3E, M, English, 4, 55, 39, sweater, round, 2000, 50, 0.975, 41, Ted, 
A3FKXJVH0K2E3E, M, English, 4, 55, 40, sweater, round, 10000, 50, 0.975, 36, Andrew, 
A3FKXJVH0K2E3E, M, English, 4, 55, 41, sweater, sharp, 21, 21, 0, 48, Bart, 
A3FKXJVH0K2E3E, M, English, 4, 55, 42, sweater, sharp, 51, 51, 0.3, 85, Corey, 
A3FKXJVH0K2E3E, M, English, 4, 55, 43, sweater, sharp, 101, 50, 0.5, 31, Don, 
A3FKXJVH0K2E3E, M, English, 4, 55, 44, sweater, sharp, 201, 40, 0.75, 58, Edward, 
A3FKXJVH0K2E3E, M, English, 4, 55, 45, sweater, sharp, 501, 50, 0.9, 96, Fred, 
A3FKXJVH0K2E3E, M, English, 4, 55, 46, sweater, sharp, 1001, 50, 0.975, 33, Garrett, 
A3FKXJVH0K2E3E, M, English, 4, 55, 47, sweater, sharp, 2001, 50, 0.975, 37, Henry, 
A3FKXJVH0K2E3E, M, English, 4, 55, 48, sweater, sharp, 10001, 40, 1, 10, Isaac, 
A3FKXJVH0K2E3E, M, English, 4, 55, 49, headphones, round, 20, 20, 0, 6, Jordan, 
A3FKXJVH0K2E3E, M, English, 4, 55, 50, headphones, round, 50, 50, 0.025, 46, Keith, 
A3FKXJVH0K2E3E, M, English, 4, 55, 51, headphones, round, 100, 50, 0.625, 95, Laurence , 
A3FKXJVH0K2E3E, M, English, 4, 55, 52, headphones, round, 200, 50, 0.75, 23, Matt, 
A3FKXJVH0K2E3E, M, English, 4, 55, 53, headphones, round, 500, 50, 0.8, 54, Norman, 
A3FKXJVH0K2E3E, M, English, 4, 55, 54, headphones, round, 1000, 40, 0.975, 39, Oliver, 
A3FKXJVH0K2E3E, M, English, 4, 55, 55, headphones, round, 2000, 50, 1, 67, Phillip, 
A3FKXJVH0K2E3E, M, English, 4, 55, 56, headphones, round, 10000, 50, 1, 94, Russell, 
A3FKXJVH0K2E3E, M, English, 4, 55, 57, headphones, sharp, 21, 21, 0.275, 28, Seth, 
A3FKXJVH0K2E3E, M, English, 4, 55, 58, headphones, sharp, 51, 50, 0.25, 15, Tim, 
A3FKXJVH0K2E3E, M, English, 4, 55, 59, headphones, sharp, 101, 50, 0.675, 61, Aaron, 
A3FKXJVH0K2E3E, M, English, 4, 55, 60, headphones, sharp, 201, 50, 0.75, 49, Ben, 
A3FKXJVH0K2E3E, M, English, 4, 55, 61, headphones, sharp, 501, 50, 0.975, 88, Cyrus, 
A3FKXJVH0K2E3E, M, English, 4, 55, 62, headphones, sharp, 1001, 50, 0.975, 92, Daniel, 
A3FKXJVH0K2E3E, M, English, 4, 55, 63, headphones, sharp, 2001, 40, 0.975, 1, Eric, 
A3FKXJVH0K2E3E, M, English, 4, 55, 64, headphones, sharp, 10001, 50, 1, 74, Chris, 
A3FKXJVH0K2E3E, M, English, 4, 55, 65, watch, round, 20, 20, 0.25, 42, Charles, 
A3FKXJVH0K2E3E, M, English, 4, 55, 66, watch, round, 50, 50, 0.125, 86, Brian, 
A3FKXJVH0K2E3E, M, English, 4, 55, 67, watch, round, 100, 100, 0.25, 89, Adam, 
A3FKXJVH0K2E3E, M, English, 4, 55, 68, watch, round, 200, 200, 0.475, 29, Michael, 
A3FKXJVH0K2E3E, M, English, 4, 55, 69, watch, round, 500, 150, 0.5, 19, James, 
A3FKXJVH0K2E3E, M, English, 4, 55, 70, watch, round, 1000, 150, 0.95, 5, John, 
A3FKXJVH0K2E3E, M, English, 4, 55, 71, watch, round, 2000, 150, 0.975, 80, Douglas, 
A3FKXJVH0K2E3E, M, English, 4, 55, 72, watch, round, 10000, 150, 0.975, 14, Justin, 
A3FKXJVH0K2E3E, M, English, 4, 55, 73, watch, sharp, 21, 40, 0.025, 7, Billy, 
A3FKXJVH0K2E3E, M, English, 4, 55, 74, watch, sharp, 51, 51, 0.25, 47, Howard, 
A3FKXJVH0K2E3E, M, English, 4, 55, 75, watch, sharp, 101, 101, 0.25, 27, Todd, 
A3FKXJVH0K2E3E, M, English, 4, 55, 76, watch, sharp, 201, 201, 0.45, 22, Alan, 
A3FKXJVH0K2E3E, M, English, 4, 55, 77, watch, sharp, 501, 501, 0.5, 44, Jeff, 
A3FKXJVH0K2E3E, M, English, 4, 55, 78, watch, sharp, 1001, 150, 1, 82, Ray, 
A3FKXJVH0K2E3E, M, English, 4, 55, 79, watch, sharp, 2001, 150, 1, 17, Tom, 
A3FKXJVH0K2E3E, M, English, 4, 55, 80, watch, sharp, 10001, 150, 1, 11, Rick, 
A3FKXJVH0K2E3E, M, English, 4, 55, 81, laptop, round, 20, 300, 0, 90, Ian, 
A3FKXJVH0K2E3E, M, English, 4, 55, 82, laptop, round, 50, 500, 0.025, 18, Kirk, 
A3FKXJVH0K2E3E, M, English, 4, 55, 83, laptop, round, 100, 100, 0, 87, Sean, 
A3FKXJVH0K2E3E, M, English, 4, 55, 84, laptop, round, 200, 200, 0.025, 24, Zach, 
A3FKXJVH0K2E3E, M, English, 4, 55, 85, laptop, round, 500, 500, 0.275, 43, Dean, 
A3FKXJVH0K2E3E, M, English, 4, 55, 86, laptop, round, 1000, 500, 0.75, 56, Theodore, 
A3FKXJVH0K2E3E, M, English, 4, 55, 87, laptop, round, 2000, 500, 0.75, 8, Rodney, 
A3FKXJVH0K2E3E, M, English, 4, 55, 88, laptop, round, 10000, 500, 1, 81, Will, 
A3FKXJVH0K2E3E, M, English, 4, 55, 89, laptop, sharp, 21, 500, 0.025, 13, Jack, 
A3FKXJVH0K2E3E, M, English, 4, 55, 90, laptop, sharp, 51, 500, 0.1, 53, Roger, 
A3FKXJVH0K2E3E, M, English, 4, 55, 91, laptop, sharp, 101, 500, 0.025, 25, Greg, 
A3FKXJVH0K2E3E, M, English, 4, 55, 92, laptop, sharp, 201, 201, 0.075, 77, Scott, 
A3FKXJVH0K2E3E, M, English, 4, 55, 93, laptop, sharp, 501, 501, 0.275, 21, Joseph, 
A3FKXJVH0K2E3E, M, English, 4, 55, 94, laptop, sharp, 1001, 500, 0.5, 16, Richard, 
A3FKXJVH0K2E3E, M, English, 4, 55, 95, laptop, sharp, 2001, 500, 0.875, 52, Carl, 
A3FKXJVH0K2E3E, M, English, 4, 55, 96, laptop, sharp, 10001, 400, 1, 4, Leon, 
A3AAMMIK27LZ5P, F, ENGLISH, 4, 25, 1, electric kettle, round, 20, 20, 0.125, 53, Alex, 
A3AAMMIK27LZ5P, F, ENGLISH, 4, 25, 2, electric kettle, round, 50, 50, 0.5, 92, Bob, 
A3AAMMIK27LZ5P, F, ENGLISH, 4, 25, 3, electric kettle, round, 100, 10, 0.15, 55, Calvin, 
A3AAMMIK27LZ5P, F, ENGLISH, 4, 25, 4, electric kettle, round, 200, 20, 0.425, 22, Dave, 
A3AAMMIK27LZ5P, F, ENGLISH, 4, 25, 5, electric kettle, round, 500, 50, 0.4, 60, Ed, 
A3AAMMIK27LZ5P, F, ENGLISH, 4, 25, 6, electric kettle, round, 1000, 100, 0.575, 88, Frank, 
A3AAMMIK27LZ5P, F, ENGLISH, 4, 25, 7, electric kettle, round, 2000, 20, 0.4, 39, George, 
A3AAMMIK27LZ5P, F, ENGLISH, 4, 25, 8, electric kettle, round, 10000, 100, 0.55, 29, Harry, 
A3AAMMIK27LZ5P, F, ENGLISH, 4, 25, 9, electric kettle, sharp, 21, 30, 0.15, 5, Ivan, 
A3AAMMIK27LZ5P, F, ENGLISH, 4, 25, 10, electric kettle, sharp, 51, 51, 0.425, 41, Jake, 
A3AAMMIK27LZ5P, F, ENGLISH, 4, 25, 11, electric kettle, sharp, 101, 30, 0.575, 6, Kevin, 
A3AAMMIK27LZ5P, F, ENGLISH, 4, 25, 12, electric kettle, sharp, 201, 20.1, 0.375, 74, Luke, 
A3AAMMIK27LZ5P, F, ENGLISH, 4, 25, 13, electric kettle, sharp, 501, 50.1, 0.325, 62, Mark, 
A3AAMMIK27LZ5P, F, ENGLISH, 4, 25, 14, electric kettle, sharp, 1001, 10.01, 0.25, 73, Ned, 
A3AAMMIK27LZ5P, F, ENGLISH, 4, 25, 15, electric kettle, sharp, 2001, 20.01, 0.4, 18, Owen, 
A3AAMMIK27LZ5P, F, ENGLISH, 4, 25, 16, electric kettle, sharp, 10001, 100.01, 0.775, 33, Paul, 
A3AAMMIK27LZ5P, F, ENGLISH, 4, 25, 17, coffee maker, round, 20, 20, 0.55, 28, Ryan, 
A3AAMMIK27LZ5P, F, ENGLISH, 4, 25, 18, coffee maker, round, 50, 50, 0.325, 38, Steve, 
A3AAMMIK27LZ5P, F, ENGLISH, 4, 25, 19, coffee maker, round, 100, 100, 0.25, 3, Terry, 
A3AAMMIK27LZ5P, F, ENGLISH, 4, 25, 20, coffee maker, round, 200, 200, 0.825, 65, Victor, 
A3AAMMIK27LZ5P, F, ENGLISH, 4, 25, 21, coffee maker, round, 500, 50, 0.725, 10, Albert, 
A3AAMMIK27LZ5P, F, ENGLISH, 4, 25, 22, coffee maker, round, 1000, 100, 0.6, 19, Barry, 
A3AAMMIK27LZ5P, F, ENGLISH, 4, 25, 23, coffee maker, round, 2000, 20, 0.225, 68, Cameron, 
A3AAMMIK27LZ5P, F, ENGLISH, 4, 25, 24, coffee maker, round, 10000, 100, 0.7, 56, Darren, 
A3AAMMIK27LZ5P, F, ENGLISH, 4, 25, 25, coffee maker, sharp, 21, 21, 0.3, 47, Eli, 
A3AAMMIK27LZ5P, F, ENGLISH, 4, 25, 26, coffee maker, sharp, 51, 51, 0.425, 67, Felix, 
A3AAMMIK27LZ5P, F, ENGLISH, 4, 25, 27, coffee maker, sharp, 101, 101, 0.575, 70, Gabe, 
A3AAMMIK27LZ5P, F, ENGLISH, 4, 25, 28, coffee maker, sharp, 201, 50, 0.625, 11, Hal, 
A3AAMMIK27LZ5P, F, ENGLISH, 4, 25, 29, coffee maker, sharp, 501, 50.1, 0.4, 63, Irvin, 
A3AAMMIK27LZ5P, F, ENGLISH, 4, 25, 30, coffee maker, sharp, 1001, 100.1, 0.6, 94, Jerry, 
A3AAMMIK27LZ5P, F, ENGLISH, 4, 25, 31, coffee maker, sharp, 2001, 20.01, 0.35, 32, Kenneth, 
A3AAMMIK27LZ5P, F, ENGLISH, 4, 25, 32, coffee maker, sharp, 10001, 100.01, 0.6, 27, Larry, 
A3AAMMIK27LZ5P, F, ENGLISH, 4, 25, 33, sweater, round, 20, 20, 0.3, 17, Martin, 
A3AAMMIK27LZ5P, F, ENGLISH, 4, 25, 34, sweater, round, 50, 50, 0.725, 89, Nelson, 
A3AAMMIK27LZ5P, F, ENGLISH, 4, 25, 35, sweater, round, 100, 100, 0.625, 72, Oscar, 
A3AAMMIK27LZ5P, F, ENGLISH, 4, 25, 36, sweater, round, 200, 20, 0.475, 78, Perry, 
A3AAMMIK27LZ5P, F, ENGLISH, 4, 25, 37, sweater, round, 500, 50, 0.625, 14, Ron, 
A3AAMMIK27LZ5P, F, ENGLISH, 4, 25, 38, sweater, round, 1000, 10, 0.2, 52, Sam, 
A3AAMMIK27LZ5P, F, ENGLISH, 4, 25, 39, sweater, round, 2000, 20, 0.475, 43, Ted, 
A3AAMMIK27LZ5P, F, ENGLISH, 4, 25, 40, sweater, round, 10000, 100, 0.9, 9, Andrew, 
A3AAMMIK27LZ5P, F, ENGLISH, 4, 25, 41, sweater, sharp, 21, 21, 0.55, 35, Bart, 
A3AAMMIK27LZ5P, F, ENGLISH, 4, 25, 42, sweater, sharp, 51, 51, 0.575, 49, Corey, 
A3AAMMIK27LZ5P, F, ENGLISH, 4, 25, 43, sweater, sharp, 101, 10.1, 0.3, 75, Don, 
A3AAMMIK27LZ5P, F, ENGLISH, 4, 25, 44, sweater, sharp, 201, 20.1, 0.225, 51, Edward, 
A3AAMMIK27LZ5P, F, ENGLISH, 4, 25, 45, sweater, sharp, 501, 50.1, 0.65, 12, Fred, 
A3AAMMIK27LZ5P, F, ENGLISH, 4, 25, 46, sweater, sharp, 1001, 10.01, 0.2, 84, Garrett, 
A3AAMMIK27LZ5P, F, ENGLISH, 4, 25, 47, sweater, sharp, 2001, 20.01, 0.375, 96, Henry, 
A3AAMMIK27LZ5P, F, ENGLISH, 4, 25, 48, sweater, sharp, 10001, 100.01, 0.725, 59, Isaac, 
A3AAMMIK27LZ5P, F, ENGLISH, 4, 25, 49, headphones, round, 20, 20, 0.15, 8, Jordan, 
A3AAMMIK27LZ5P, F, ENGLISH, 4, 25, 50, headphones, round, 50, 50, 0.75, 30, Keith, 
A3AAMMIK27LZ5P, F, ENGLISH, 4, 25, 51, headphones, round, 100, 10, 0.25, 91, Laurence , 
A3AAMMIK27LZ5P, F, ENGLISH, 4, 25, 52, headphones, round, 200, 2, 0.025, 48, Matt, 
A3AAMMIK27LZ5P, F, ENGLISH, 4, 25, 53, headphones, round, 500, 5, 0.4, 37, Norman, 
A3AAMMIK27LZ5P, F, ENGLISH, 4, 25, 54, headphones, round, 1000, 10, 0.6, 34, Oliver, 
A3AAMMIK27LZ5P, F, ENGLISH, 4, 25, 55, headphones, round, 2000, 20, 0.375, 81, Phillip, 
A3AAMMIK27LZ5P, F, ENGLISH, 4, 25, 56, headphones, round, 10000, 10, 0.6, 26, Russell, 
A3AAMMIK27LZ5P, F, ENGLISH, 4, 25, 57, headphones, sharp, 21, 21, 0.725, 76, Seth, 
A3AAMMIK27LZ5P, F, ENGLISH, 4, 25, 58, headphones, sharp, 51, 5.1, 0.55, 23, Tim, 
A3AAMMIK27LZ5P, F, ENGLISH, 4, 25, 59, headphones, sharp, 101, 10.1, 0.1, 87, Aaron, 
A3AAMMIK27LZ5P, F, ENGLISH, 4, 25, 60, headphones, sharp, 201, 2.01, 0.05, 57, Ben, 
A3AAMMIK27LZ5P, F, ENGLISH, 4, 25, 61, headphones, sharp, 501, 50.1, 0.675, 93, Cyrus, 
A3AAMMIK27LZ5P, F, ENGLISH, 4, 25, 62, headphones, sharp, 1001, 10.01, 0.3, 66, Daniel, 
A3AAMMIK27LZ5P, F, ENGLISH, 4, 25, 63, headphones, sharp, 2001, 20.01, 0.575, 13, Eric, 
A3AAMMIK27LZ5P, F, ENGLISH, 4, 25, 64, headphones, sharp, 10001, 100.01, 0.85, 54, Chris, 
A3AAMMIK27LZ5P, F, ENGLISH, 4, 25, 65, watch, round, 20, 20, 0.2, 58, Charles, 
A3AAMMIK27LZ5P, F, ENGLISH, 4, 25, 66, watch, round, 50, 50, 0.425, 83, Brian, 
A3AAMMIK27LZ5P, F, ENGLISH, 4, 25, 67, watch, round, 100, 100, 0.75, 44, Adam, 
A3AAMMIK27LZ5P, F, ENGLISH, 4, 25, 68, watch, round, 200, 200, 0.775, 31, Michael, 
A3AAMMIK27LZ5P, F, ENGLISH, 4, 25, 69, watch, round, 500, 500, 0.575, 7, James, 
A3AAMMIK27LZ5P, F, ENGLISH, 4, 25, 70, watch, round, 1000, 10, 0.2, 40, John, 
A3AAMMIK27LZ5P, F, ENGLISH, 4, 25, 71, watch, round, 2000, 20, 0.325, 80, Douglas, 
A3AAMMIK27LZ5P, F, ENGLISH, 4, 25, 72, watch, round, 10000, 100, 0.575, 25, Justin, 
A3AAMMIK27LZ5P, F, ENGLISH, 4, 25, 73, watch, sharp, 21, 21, 0.65, 21, Billy, 
A3AAMMIK27LZ5P, F, ENGLISH, 4, 25, 74, watch, sharp, 51, 51, 0.425, 46, Howard, 
A3AAMMIK27LZ5P, F, ENGLISH, 4, 25, 75, watch, sharp, 101, 101, 0.425, 64, Todd, 
A3AAMMIK27LZ5P, F, ENGLISH, 4, 25, 76, watch, sharp, 201, 201, 0.775, 95, Alan, 
A3AAMMIK27LZ5P, F, ENGLISH, 4, 25, 77, watch, sharp, 501, 50.1, 0.25, 86, Jeff, 
A3AAMMIK27LZ5P, F, ENGLISH, 4, 25, 78, watch, sharp, 1001, 1001, 0.25, 2, Ray, 
A3AAMMIK27LZ5P, F, ENGLISH, 4, 25, 79, watch, sharp, 2001, 200.1, 0.525, 45, Tom, 
A3AAMMIK27LZ5P, F, ENGLISH, 4, 25, 80, watch, sharp, 10001, 100, 1, 1, Rick, 
A3AAMMIK27LZ5P, F, ENGLISH, 4, 25, 81, laptop, round, 20, 200, 0, 79, Ian, 
A3AAMMIK27LZ5P, F, ENGLISH, 4, 25, 82, laptop, round, 50, 50, 0.475, 16, Kirk, 
A3AAMMIK27LZ5P, F, ENGLISH, 4, 25, 83, laptop, round, 100, 100, 0.525, 71, Sean, 
A3AAMMIK27LZ5P, F, ENGLISH, 4, 25, 84, laptop, round, 200, 200, 0.675, 61, Zach, 
A3AAMMIK27LZ5P, F, ENGLISH, 4, 25, 85, laptop, round, 500, 50, 0.575, 24, Dean, 
A3AAMMIK27LZ5P, F, ENGLISH, 4, 25, 86, laptop, round, 1000, 100, 0.6, 90, Theodore, 
A3AAMMIK27LZ5P, F, ENGLISH, 4, 25, 87, laptop, round, 2000, 1000, 0.45, 4, Rodney, 
A3AAMMIK27LZ5P, F, ENGLISH, 4, 25, 88, laptop, round, 10000, 100, 0.25, 85, Will, 
A3AAMMIK27LZ5P, F, ENGLISH, 4, 25, 89, laptop, sharp, 21, 210, 0.575, 36, Jack, 
A3AAMMIK27LZ5P, F, ENGLISH, 4, 25, 90, laptop, sharp, 51, 51, 0.025, 82, Roger, 
A3AAMMIK27LZ5P, F, ENGLISH, 4, 25, 91, laptop, sharp, 101, 101, 0.375, 69, Greg, 
A3AAMMIK27LZ5P, F, ENGLISH, 4, 25, 92, laptop, sharp, 201, 201, 0.55, 42, Scott, 
A3AAMMIK27LZ5P, F, ENGLISH, 4, 25, 93, laptop, sharp, 501, 50.1, 0.225, 77, Joseph, 
A3AAMMIK27LZ5P, F, ENGLISH, 4, 25, 94, laptop, sharp, 1001, 100.1, 0.625, 15, Richard, 
A3AAMMIK27LZ5P, F, ENGLISH, 4, 25, 95, laptop, sharp, 2001, 200.1, 0.575, 50, Carl, 
A3AAMMIK27LZ5P, F, ENGLISH, 4, 25, 96, laptop, sharp, 10001, 100.01, 0.575, 20, Leon, 
A1Q8L9UA8SAPIQ, M, English, 8, 25, 1, electric kettle, round, 20, 20, 0.225, 4, Alex, 
A1Q8L9UA8SAPIQ, M, English, 8, 25, 2, electric kettle, round, 50, 30, 0.5, 92, Bob, 
A1Q8L9UA8SAPIQ, M, English, 8, 25, 3, electric kettle, round, 100, 35, 0.75, 43, Calvin, 
A1Q8L9UA8SAPIQ, M, English, 8, 25, 4, electric kettle, round, 200, 35, 0.7, 84, Dave, 
A1Q8L9UA8SAPIQ, M, English, 8, 25, 5, electric kettle, round, 500, 30, 0.875, 56, Ed, 
A1Q8L9UA8SAPIQ, M, English, 8, 25, 6, electric kettle, round, 1000, 40, 0.9, 54, Frank, 
A1Q8L9UA8SAPIQ, M, English, 8, 25, 7, electric kettle, round, 2000, 30, 1, 39, George, 
A1Q8L9UA8SAPIQ, M, English, 8, 25, 8, electric kettle, round, 10000, 30, 1, 26, Harry, 
A1Q8L9UA8SAPIQ, M, English, 8, 25, 9, electric kettle, sharp, 21, 30, 0.15, 95, Ivan, 
A1Q8L9UA8SAPIQ, M, English, 8, 25, 10, electric kettle, sharp, 51, 40, 0.5, 17, Jake, 
A1Q8L9UA8SAPIQ, M, English, 8, 25, 11, electric kettle, sharp, 101, 30, 0.6, 61, Kevin, 
A1Q8L9UA8SAPIQ, M, English, 8, 25, 12, electric kettle, sharp, 201, 30, 0.7, 78, Luke, 
A1Q8L9UA8SAPIQ, M, English, 8, 25, 13, electric kettle, sharp, 501, 501, 1, 8, Mark, 
A1Q8L9UA8SAPIQ, M, English, 8, 25, 14, electric kettle, sharp, 1001, 35, 0.975, 59, Ned, 
A1Q8L9UA8SAPIQ, M, English, 8, 25, 15, electric kettle, sharp, 2001, 25, 1, 24, Owen, 
A1Q8L9UA8SAPIQ, M, English, 8, 25, 16, electric kettle, sharp, 10001, 30, 0.975, 93, Paul, 
A1Q8L9UA8SAPIQ, M, English, 8, 25, 17, coffee maker, round, 20, 20, 0.15, 11, Ryan, 
A1Q8L9UA8SAPIQ, M, English, 8, 25, 18, coffee maker, round, 50, 30, 0.575, 71, Steve, 
A1Q8L9UA8SAPIQ, M, English, 8, 25, 19, coffee maker, round, 100, 35, 0.625, 68, Terry, 
A1Q8L9UA8SAPIQ, M, English, 8, 25, 20, coffee maker, round, 200, 35, 0.95, 42, Victor, 
A1Q8L9UA8SAPIQ, M, English, 8, 25, 21, coffee maker, round, 500, 30, 1, 13, Albert, 
A1Q8L9UA8SAPIQ, M, English, 8, 25, 22, coffee maker, round, 1000, 35, 1, 58, Barry, 
A1Q8L9UA8SAPIQ, M, English, 8, 25, 23, coffee maker, round, 2000, 30, 0.875, 83, Cameron, 
A1Q8L9UA8SAPIQ, M, English, 8, 25, 24, coffee maker, round, 10000, 40, 1, 14, Darren, 
A1Q8L9UA8SAPIQ, M, English, 8, 25, 25, coffee maker, sharp, 21, 35, 0.2, 57, Eli, 
A1Q8L9UA8SAPIQ, M, English, 8, 25, 26, coffee maker, sharp, 51, 35, 0.525, 51, Felix, 
A1Q8L9UA8SAPIQ, M, English, 8, 25, 27, coffee maker, sharp, 101, 35, 0.675, 50, Gabe, 
A1Q8L9UA8SAPIQ, M, English, 8, 25, 28, coffee maker, sharp, 201, 35, 0.725, 53, Hal, 
A1Q8L9UA8SAPIQ, M, English, 8, 25, 29, coffee maker, sharp, 501, 30, 1, 20, Irvin, 
A1Q8L9UA8SAPIQ, M, English, 8, 25, 30, coffee maker, sharp, 1001, 40, 1, 22, Jerry, 
A1Q8L9UA8SAPIQ, M, English, 8, 25, 31, coffee maker, sharp, 2001, 35, 0.55, 52, Kenneth, 
A1Q8L9UA8SAPIQ, M, English, 8, 25, 32, coffee maker, sharp, 10001, 30, 1, 74, Larry, 
A1Q8L9UA8SAPIQ, M, English, 8, 25, 33, sweater, round, 20, 30, 0.15, 19, Martin, 
A1Q8L9UA8SAPIQ, M, English, 8, 25, 34, sweater, round, 50, 30, 0.575, 31, Nelson, 
A1Q8L9UA8SAPIQ, M, English, 8, 25, 35, sweater, round, 100, 35, 0.6, 32, Oscar, 
A1Q8L9UA8SAPIQ, M, English, 8, 25, 36, sweater, round, 200, 35, 0.8, 55, Perry, 
A1Q8L9UA8SAPIQ, M, English, 8, 25, 37, sweater, round, 500, 30, 1, 18, Ron, 
A1Q8L9UA8SAPIQ, M, English, 8, 25, 38, sweater, round, 1000, 40, 0.975, 94, Sam, 
A1Q8L9UA8SAPIQ, M, English, 8, 25, 39, sweater, round, 2000, 40, 1, 86, Ted, 
A1Q8L9UA8SAPIQ, M, English, 8, 25, 40, sweater, round, 10000, 30, 1, 23, Andrew, 
A1Q8L9UA8SAPIQ, M, English, 8, 25, 41, sweater, sharp, 21, 35, 0.175, 38, Bart, 
A1Q8L9UA8SAPIQ, M, English, 8, 25, 42, sweater, sharp, 51, 30, 0.525, 87, Corey, 
A1Q8L9UA8SAPIQ, M, English, 8, 25, 43, sweater, sharp, 101, 30, 0.65, 30, Don, 
A1Q8L9UA8SAPIQ, M, English, 8, 25, 44, sweater, sharp, 201, 40, 0.75, 70, Edward, 
A1Q8L9UA8SAPIQ, M, English, 8, 25, 45, sweater, sharp, 501, 30, 1, 65, Fred, 
A1Q8L9UA8SAPIQ, M, English, 8, 25, 46, sweater, sharp, 1001, 40, 0.975, 45, Garrett, 
A1Q8L9UA8SAPIQ, M, English, 8, 25, 47, sweater, sharp, 2001, 40, 0.875, 37, Henry, 
A1Q8L9UA8SAPIQ, M, English, 8, 25, 48, sweater, sharp, 10001, 30, 1, 21, Isaac, 
A1Q8L9UA8SAPIQ, M, English, 8, 25, 49, headphones, round, 20, 20, 0, 10, Jordan, 
A1Q8L9UA8SAPIQ, M, English, 8, 25, 50, headphones, round, 50, 50, 0.5, 16, Keith, 
A1Q8L9UA8SAPIQ, M, English, 8, 25, 51, headphones, round, 100, 50, 0.55, 34, Laurence , 
A1Q8L9UA8SAPIQ, M, English, 8, 25, 52, headphones, round, 200, 30, 0.8, 69, Matt, 
A1Q8L9UA8SAPIQ, M, English, 8, 25, 53, headphones, round, 500, 100, 0.9, 66, Norman, 
A1Q8L9UA8SAPIQ, M, English, 8, 25, 54, headphones, round, 1000, 50, 0.775, 35, Oliver, 
A1Q8L9UA8SAPIQ, M, English, 8, 25, 55, headphones, round, 2000, 50, 1, 41, Phillip, 
A1Q8L9UA8SAPIQ, M, English, 8, 25, 56, headphones, round, 10000, 100, 1, 73, Russell, 
A1Q8L9UA8SAPIQ, M, English, 8, 25, 57, headphones, sharp, 21, 50, 0.225, 75, Seth, 
A1Q8L9UA8SAPIQ, M, English, 8, 25, 58, headphones, sharp, 51, 40, 0.5, 25, Tim, 
A1Q8L9UA8SAPIQ, M, English, 8, 25, 59, headphones, sharp, 101, 100, 0.5, 96, Aaron, 
A1Q8L9UA8SAPIQ, M, English, 8, 25, 60, headphones, sharp, 201, 100, 0.675, 67, Ben, 
A1Q8L9UA8SAPIQ, M, English, 8, 25, 61, headphones, sharp, 501, 100, 0.75, 85, Cyrus, 
A1Q8L9UA8SAPIQ, M, English, 8, 25, 62, headphones, sharp, 1001, 1001.99, 1, 3, Daniel, 
A1Q8L9UA8SAPIQ, M, English, 8, 25, 63, headphones, sharp, 2001, 100, 0.9, 77, Eric, 
A1Q8L9UA8SAPIQ, M, English, 8, 25, 64, headphones, sharp, 10001, 10001, 1, 7, Chris, 
A1Q8L9UA8SAPIQ, M, English, 8, 25, 65, watch, round, 20, 100, 0.175, 40, Charles, 
A1Q8L9UA8SAPIQ, M, English, 8, 25, 66, watch, round, 50, 50, 0.075, 12, Brian, 
A1Q8L9UA8SAPIQ, M, English, 8, 25, 67, watch, round, 100, 200, 0.4, 49, Adam, 
A1Q8L9UA8SAPIQ, M, English, 8, 25, 68, watch, round, 200, 200, 0.325, 2, Michael, 
A1Q8L9UA8SAPIQ, M, English, 8, 25, 69, watch, round, 500, 200, 0.775, 63, James, 
A1Q8L9UA8SAPIQ, M, English, 8, 25, 70, watch, round, 1000, 200, 0.8, 33, John, 
A1Q8L9UA8SAPIQ, M, English, 8, 25, 71, watch, round, 2000, 200, 0.875, 80, Douglas, 
A1Q8L9UA8SAPIQ, M, English, 8, 25, 72, watch, round, 10000, 200, 1, 36, Justin, 
A1Q8L9UA8SAPIQ, M, English, 8, 25, 73, watch, sharp, 21, 21, 0, 9, Billy, 
A1Q8L9UA8SAPIQ, M, English, 8, 25, 74, watch, sharp, 51, 200, 0.225, 64, Howard, 
A1Q8L9UA8SAPIQ, M, English, 8, 25, 75, watch, sharp, 101, 101, 0.1, 6, Todd, 
A1Q8L9UA8SAPIQ, M, English, 8, 25, 76, watch, sharp, 201, 200, 0.325, 89, Alan, 
A1Q8L9UA8SAPIQ, M, English, 8, 25, 77, watch, sharp, 501, 100, 0.825, 27, Jeff, 
A1Q8L9UA8SAPIQ, M, English, 8, 25, 78, watch, sharp, 1001, 200, 0.775, 29, Ray, 
A1Q8L9UA8SAPIQ, M, English, 8, 25, 79, watch, sharp, 2001, 100, 0.925, 48, Tom, 
A1Q8L9UA8SAPIQ, M, English, 8, 25, 80, watch, sharp, 10001, 200, 1, 44, Rick, 
A1Q8L9UA8SAPIQ, M, English, 8, 25, 81, laptop, round, 20, 300, 0, 60, Ian, 
A1Q8L9UA8SAPIQ, M, English, 8, 25, 82, laptop, round, 50, 300, 0, 88, Kirk, 
A1Q8L9UA8SAPIQ, M, English, 8, 25, 83, laptop, round, 100, 400, 0.25, 76, Sean, 
A1Q8L9UA8SAPIQ, M, English, 8, 25, 84, laptop, round, 200, 200, 0.325, 82, Zach, 
A1Q8L9UA8SAPIQ, M, English, 8, 25, 85, laptop, round, 500, 300, 0.625, 91, Dean, 
A1Q8L9UA8SAPIQ, M, English, 8, 25, 86, laptop, round, 1000, 1000, 0.675, 15, Theodore, 
A1Q8L9UA8SAPIQ, M, English, 8, 25, 87, laptop, round, 2000, 200, 0.8, 72, Rodney, 
A1Q8L9UA8SAPIQ, M, English, 8, 25, 88, laptop, round, 10000, 300, 1, 79, Will, 
A1Q8L9UA8SAPIQ, M, English, 8, 25, 89, laptop, sharp, 21, 21, 0, 5, Jack, 
A1Q8L9UA8SAPIQ, M, English, 8, 25, 90, laptop, sharp, 51, 300, 0.075, 47, Roger, 
A1Q8L9UA8SAPIQ, M, English, 8, 25, 91, laptop, sharp, 101, 400, 0.1, 46, Greg, 
A1Q8L9UA8SAPIQ, M, English, 8, 25, 92, laptop, sharp, 201, 200.99, 0.2, 1, Scott, 
A1Q8L9UA8SAPIQ, M, English, 8, 25, 93, laptop, sharp, 501, 500, 0.5, 28, Joseph, 
A1Q8L9UA8SAPIQ, M, English, 8, 25, 94, laptop, sharp, 1001, 200, 0.725, 81, Richard, 
A1Q8L9UA8SAPIQ, M, English, 8, 25, 95, laptop, sharp, 2001, 400, 0.875, 62, Carl, 
A1Q8L9UA8SAPIQ, M, English, 8, 25, 96, laptop, sharp, 10001, 300, 1, 90, Leon, 
A23I7NHN7SL4RK, M, ENGLISH, 4, 35, 1, electric kettle, round, 20, 36.45, 0.575, 10, Alex, 
A23I7NHN7SL4RK, M, ENGLISH, 4, 35, 2, electric kettle, round, 50, 3.03, 0.5, 62, Bob, 
A23I7NHN7SL4RK, M, ENGLISH, 4, 35, 3, electric kettle, round, 100, 3.03, 0.5, 73, Calvin, 
A23I7NHN7SL4RK, M, ENGLISH, 4, 35, 4, electric kettle, round, 200, 3.03, 0.5, 95, Dave, 
A23I7NHN7SL4RK, M, ENGLISH, 4, 35, 5, electric kettle, round, 500, 3.03, 0.525, 65, Ed, 
A23I7NHN7SL4RK, M, ENGLISH, 4, 35, 6, electric kettle, round, 1000, 3.04, 0.5, 36, Frank, 
A23I7NHN7SL4RK, M, ENGLISH, 4, 35, 7, electric kettle, round, 2000, 5.05, 0.5, 81, George, 
A23I7NHN7SL4RK, M, ENGLISH, 4, 35, 8, electric kettle, round, 10000, 4.03, 0.5, 83, Harry, 
A23I7NHN7SL4RK, M, ENGLISH, 4, 35, 9, electric kettle, sharp, 21, 3.03, 0.5, 72, Ivan, 
A23I7NHN7SL4RK, M, ENGLISH, 4, 35, 10, electric kettle, sharp, 51, 44.65, 0.6, 8, Jake, 
A23I7NHN7SL4RK, M, ENGLISH, 4, 35, 11, electric kettle, sharp, 101, 55.04, 0.5, 56, Kevin, 
A23I7NHN7SL4RK, M, ENGLISH, 4, 35, 12, electric kettle, sharp, 201, 8.06, 0.525, 22, Luke, 
A23I7NHN7SL4RK, M, ENGLISH, 4, 35, 13, electric kettle, sharp, 501, 33.44, 0.55, 14, Mark, 
A23I7NHN7SL4RK, M, ENGLISH, 4, 35, 14, electric kettle, sharp, 1001, 2.03, 0.5, 40, Ned, 
A23I7NHN7SL4RK, M, ENGLISH, 4, 35, 15, electric kettle, sharp, 2001, 2.03, 0.5, 41, Owen, 
A23I7NHN7SL4RK, M, ENGLISH, 4, 35, 16, electric kettle, sharp, 10001, 77.05, 0.425, 19, Paul, 
A23I7NHN7SL4RK, M, ENGLISH, 4, 35, 17, coffee maker, round, 20, 3.03, 0.475, 48, Ryan, 
A23I7NHN7SL4RK, M, ENGLISH, 4, 35, 18, coffee maker, round, 50, 2.02, 0.5, 55, Steve, 
A23I7NHN7SL4RK, M, ENGLISH, 4, 35, 19, coffee maker, round, 100, 3.03, 0.5, 90, Terry, 
A23I7NHN7SL4RK, M, ENGLISH, 4, 35, 20, coffee maker, round, 200, 3.03, 0.5, 74, Victor, 
A23I7NHN7SL4RK, M, ENGLISH, 4, 35, 21, coffee maker, round, 500, 44.55, 0.6, 9, Albert, 
A23I7NHN7SL4RK, M, ENGLISH, 4, 35, 22, coffee maker, round, 1000, 3.03, 0.5, 93, Barry, 
A23I7NHN7SL4RK, M, ENGLISH, 4, 35, 23, coffee maker, round, 2000, 44.54, 0.7, 7, Cameron, 
A23I7NHN7SL4RK, M, ENGLISH, 4, 35, 24, coffee maker, round, 10000, 3.03, 0.525, 51, Darren, 
A23I7NHN7SL4RK, M, ENGLISH, 4, 35, 25, coffee maker, sharp, 21, 33.44, 0.575, 17, Eli, 
A23I7NHN7SL4RK, M, ENGLISH, 4, 35, 26, coffee maker, sharp, 51, 3.03, 0.5, 67, Felix, 
A23I7NHN7SL4RK, M, ENGLISH, 4, 35, 27, coffee maker, sharp, 101, 3.03, 0.5, 76, Gabe, 
A23I7NHN7SL4RK, M, ENGLISH, 4, 35, 28, coffee maker, sharp, 201, 3.03, 0.5, 57, Hal, 
A23I7NHN7SL4RK, M, ENGLISH, 4, 35, 29, coffee maker, sharp, 501, 4.04, 0.575, 27, Irvin, 
A23I7NHN7SL4RK, M, ENGLISH, 4, 35, 30, coffee maker, sharp, 1001, 212.12, 0.325, 2, Jerry, 
A23I7NHN7SL4RK, M, ENGLISH, 4, 35, 31, coffee maker, sharp, 2001, 3.03, 0.5, 60, Kenneth, 
A23I7NHN7SL4RK, M, ENGLISH, 4, 35, 32, coffee maker, sharp, 10001, 3.03, 0.5, 70, Larry, 
A23I7NHN7SL4RK, M, ENGLISH, 4, 35, 33, sweater, round, 20, 44.44, 0.55, 25, Martin, 
A23I7NHN7SL4RK, M, ENGLISH, 4, 35, 34, sweater, round, 50, 3.03, 0.5, 75, Nelson, 
A23I7NHN7SL4RK, M, ENGLISH, 4, 35, 35, sweater, round, 100, 2221.21, 0.55, 3, Oscar, 
A23I7NHN7SL4RK, M, ENGLISH, 4, 35, 36, sweater, round, 200, 5.06, 0.65, 20, Perry, 
A23I7NHN7SL4RK, M, ENGLISH, 4, 35, 37, sweater, round, 500, 3.03, 0.475, 50, Ron, 
A23I7NHN7SL4RK, M, ENGLISH, 4, 35, 38, sweater, round, 1000, 3.03, 0.5, 69, Sam, 
A23I7NHN7SL4RK, M, ENGLISH, 4, 35, 39, sweater, round, 2000, 2.02, 0.475, 53, Ted, 
A23I7NHN7SL4RK, M, ENGLISH, 4, 35, 40, sweater, round, 10000, 33.44, 0.55, 30, Andrew, 
A23I7NHN7SL4RK, M, ENGLISH, 4, 35, 41, sweater, sharp, 21, 22.03, 0.5, 34, Bart, 
A23I7NHN7SL4RK, M, ENGLISH, 4, 35, 42, sweater, sharp, 51, 34.03, 0.5, 86, Corey, 
A23I7NHN7SL4RK, M, ENGLISH, 4, 35, 43, sweater, sharp, 101, 22.03, 0.55, 5, Don, 
A23I7NHN7SL4RK, M, ENGLISH, 4, 35, 44, sweater, sharp, 201, 44.03, 0.575, 12, Edward, 
A23I7NHN7SL4RK, M, ENGLISH, 4, 35, 45, sweater, sharp, 501, 2.02, 0.5, 38, Fred, 
A23I7NHN7SL4RK, M, ENGLISH, 4, 35, 46, sweater, sharp, 1001, 3.03, 0.5, 94, Garrett, 
A23I7NHN7SL4RK, M, ENGLISH, 4, 35, 47, sweater, sharp, 2001, 3.03, 0.5, 49, Henry, 
A23I7NHN7SL4RK, M, ENGLISH, 4, 35, 48, sweater, sharp, 10001, 3.33, 0.5, 77, Isaac, 
A23I7NHN7SL4RK, M, ENGLISH, 4, 35, 49, headphones, round, 20, 3.03, 0.5, 63, Jordan, 
A23I7NHN7SL4RK, M, ENGLISH, 4, 35, 50, headphones, round, 50, 3.03, 0.5, 91, Keith, 
A23I7NHN7SL4RK, M, ENGLISH, 4, 35, 51, headphones, round, 100, 2.03, 0.5, 43, Laurence , 
A23I7NHN7SL4RK, M, ENGLISH, 4, 35, 52, headphones, round, 200, 33.44, 0.625, 13, Matt, 
A23I7NHN7SL4RK, M, ENGLISH, 4, 35, 53, headphones, round, 500, 3.03, 0.5, 87, Norman, 
A23I7NHN7SL4RK, M, ENGLISH, 4, 35, 54, headphones, round, 1000, 33.23, 0.55, 31, Oliver, 
A23I7NHN7SL4RK, M, ENGLISH, 4, 35, 55, headphones, round, 2000, 23.02, 0.525, 39, Phillip, 
A23I7NHN7SL4RK, M, ENGLISH, 4, 35, 56, headphones, round, 10000, 2.02, 0.5, 47, Russell, 
A23I7NHN7SL4RK, M, ENGLISH, 4, 35, 57, headphones, sharp, 21, 3.03, 0.5, 61, Seth, 
A23I7NHN7SL4RK, M, ENGLISH, 4, 35, 58, headphones, sharp, 51, 3.03, 0.5, 64, Tim, 
A23I7NHN7SL4RK, M, ENGLISH, 4, 35, 59, headphones, sharp, 101, 3.02, 0.525, 29, Aaron, 
A23I7NHN7SL4RK, M, ENGLISH, 4, 35, 60, headphones, sharp, 201, 55.06, 0.525, 24, Ben, 
A23I7NHN7SL4RK, M, ENGLISH, 4, 35, 61, headphones, sharp, 501, 5.05, 0.475, 79, Cyrus, 
A23I7NHN7SL4RK, M, ENGLISH, 4, 35, 62, headphones, sharp, 1001, 2.02, 0.5, 45, Daniel, 
A23I7NHN7SL4RK, M, ENGLISH, 4, 35, 63, headphones, sharp, 2001, 3.03, 0.5, 66, Eric, 
A23I7NHN7SL4RK, M, ENGLISH, 4, 35, 64, headphones, sharp, 10001, 44.44, 0.55, 26, Chris, 
A23I7NHN7SL4RK, M, ENGLISH, 4, 35, 65, watch, round, 20, 22.03, 0.5, 35, Charles, 
A23I7NHN7SL4RK, M, ENGLISH, 4, 35, 66, watch, round, 50, 22.03, 0.55, 16, Brian, 
A23I7NHN7SL4RK, M, ENGLISH, 4, 35, 67, watch, round, 100, 4.03, 0.5, 82, Adam, 
A23I7NHN7SL4RK, M, ENGLISH, 4, 35, 68, watch, round, 200, 3.03, 0.5, 59, Michael, 
A23I7NHN7SL4RK, M, ENGLISH, 4, 35, 69, watch, round, 500, 4.06, 0.575, 23, James, 
A23I7NHN7SL4RK, M, ENGLISH, 4, 35, 70, watch, round, 1000, 4.02, 0.5, 96, John, 
A23I7NHN7SL4RK, M, ENGLISH, 4, 35, 71, watch, round, 2000, 5.05, 0.5, 80, Douglas, 
A23I7NHN7SL4RK, M, ENGLISH, 4, 35, 72, watch, round, 10000, 3.03, 0.5, 92, Justin, 
A23I7NHN7SL4RK, M, ENGLISH, 4, 35, 73, watch, sharp, 21, 2.03, 0.5, 42, Billy, 
A23I7NHN7SL4RK, M, ENGLISH, 4, 35, 74, watch, sharp, 51, 2.02, 0.5, 46, Howard, 
A23I7NHN7SL4RK, M, ENGLISH, 4, 35, 75, watch, sharp, 101, 4.07, 0.55, 21, Todd, 
A23I7NHN7SL4RK, M, ENGLISH, 4, 35, 76, watch, sharp, 201, 2.02, 0.5, 54, Alan, 
A23I7NHN7SL4RK, M, ENGLISH, 4, 35, 77, watch, sharp, 501, 33.02, 0.6, 32, Jeff, 
A23I7NHN7SL4RK, M, ENGLISH, 4, 35, 78, watch, sharp, 1001, 44.03, 0.525, 33, Ray, 
A23I7NHN7SL4RK, M, ENGLISH, 4, 35, 79, watch, sharp, 2001, 3.03, 0.5, 78, Tom, 
A23I7NHN7SL4RK, M, ENGLISH, 4, 35, 80, watch, sharp, 10001, 1111.22, 0.725, 1, Rick, 
A23I7NHN7SL4RK, M, ENGLISH, 4, 35, 81, laptop, round, 20, 2.02, 0.5, 44, Ian, 
A23I7NHN7SL4RK, M, ENGLISH, 4, 35, 82, laptop, round, 50, 33.02, 0.55, 15, Kirk, 
A23I7NHN7SL4RK, M, ENGLISH, 4, 35, 83, laptop, round, 100, 333.22, 0.575, 18, Sean, 
A23I7NHN7SL4RK, M, ENGLISH, 4, 35, 84, laptop, round, 200, 2.03, 0.5, 37, Zach, 
A23I7NHN7SL4RK, M, ENGLISH, 4, 35, 85, laptop, round, 500, 3.03, 0.5, 89, Dean, 
A23I7NHN7SL4RK, M, ENGLISH, 4, 35, 86, laptop, round, 1000, 3.04, 0.475, 85, Theodore, 
A23I7NHN7SL4RK, M, ENGLISH, 4, 35, 87, laptop, round, 2000, 354.03, 0.5, 84, Rodney, 
A23I7NHN7SL4RK, M, ENGLISH, 4, 35, 88, laptop, round, 10000, 22.02, 0.6, 4, Will, 
A23I7NHN7SL4RK, M, ENGLISH, 4, 35, 89, laptop, sharp, 21, 223.05, 0.575, 6, Jack, 
A23I7NHN7SL4RK, M, ENGLISH, 4, 35, 90, laptop, sharp, 51, 3.03, 0.475, 71, Roger, 
A23I7NHN7SL4RK, M, ENGLISH, 4, 35, 91, laptop, sharp, 101, 3.03, 0.5, 88, Greg, 
A23I7NHN7SL4RK, M, ENGLISH, 4, 35, 92, laptop, sharp, 201, 2.02, 0.475, 52, Scott, 
A23I7NHN7SL4RK, M, ENGLISH, 4, 35, 93, laptop, sharp, 501, 3.03, 0.5, 68, Joseph, 
A23I7NHN7SL4RK, M, ENGLISH, 4, 35, 94, laptop, sharp, 1001, 44.03, 0.525, 28, Richard, 
A23I7NHN7SL4RK, M, ENGLISH, 4, 35, 95, laptop, sharp, 2001, 3.03, 0.5, 58, Carl, 
A23I7NHN7SL4RK, M, ENGLISH, 4, 35, 96, laptop, sharp, 10001, 4444433.44, 0.575, 11, Leon, 
A2DNWDHMMBSHWT, F, English, 10, 65, 1, electric kettle, round, 20, 35, 0.25, 96, Alex, 
A2DNWDHMMBSHWT, F, English, 10, 65, 2, electric kettle, round, 50, 45, 0.5, 51, Bob, 
A2DNWDHMMBSHWT, F, English, 10, 65, 3, electric kettle, round, 100, 29.99, 0.75, 19, Calvin, 
A2DNWDHMMBSHWT, F, English, 10, 65, 4, electric kettle, round, 200, 45, 1, 36, Dave, 
A2DNWDHMMBSHWT, F, English, 10, 65, 5, electric kettle, round, 500, 45, 1, 47, Ed, 
A2DNWDHMMBSHWT, F, English, 10, 65, 6, electric kettle, round, 1000, 45, 1, 88, Frank, 
A2DNWDHMMBSHWT, F, English, 10, 65, 7, electric kettle, round, 2000, 24, 1, 4, George, 
A2DNWDHMMBSHWT, F, English, 10, 65, 8, electric kettle, round, 10000, 45, 1, 54, Harry, 
A2DNWDHMMBSHWT, F, English, 10, 65, 9, electric kettle, sharp, 21, 35, 0.25, 52, Ivan, 
A2DNWDHMMBSHWT, F, English, 10, 65, 10, electric kettle, sharp, 51, 45, 0.5, 40, Jake, 
A2DNWDHMMBSHWT, F, English, 10, 65, 11, electric kettle, sharp, 101, 45, 0.75, 57, Kevin, 
A2DNWDHMMBSHWT, F, English, 10, 65, 12, electric kettle, sharp, 201, 45, 0.75, 34, Luke, 
A2DNWDHMMBSHWT, F, English, 10, 65, 13, electric kettle, sharp, 501, 550, 0.25, 1, Mark, 
A2DNWDHMMBSHWT, F, English, 10, 65, 14, electric kettle, sharp, 1001, 30, 1, 30, Ned, 
A2DNWDHMMBSHWT, F, English, 10, 65, 15, electric kettle, sharp, 2001, 35, 0.975, 26, Owen, 
A2DNWDHMMBSHWT, F, English, 10, 65, 16, electric kettle, sharp, 10001, 45, 1, 50, Paul, 
A2DNWDHMMBSHWT, F, English, 10, 65, 17, coffee maker, round, 20, 30, 0.25, 67, Ryan, 
A2DNWDHMMBSHWT, F, English, 10, 65, 18, coffee maker, round, 50, 50, 0.5, 89, Steve, 
A2DNWDHMMBSHWT, F, English, 10, 65, 19, coffee maker, round, 100, 100, 0.5, 66, Terry, 
A2DNWDHMMBSHWT, F, English, 10, 65, 20, coffee maker, round, 200, 175, 0.5, 33, Victor, 
A2DNWDHMMBSHWT, F, English, 10, 65, 21, coffee maker, round, 500, 175, 0.975, 95, Albert, 
A2DNWDHMMBSHWT, F, English, 10, 65, 22, coffee maker, round, 1000, 175, 1, 43, Barry, 
A2DNWDHMMBSHWT, F, English, 10, 65, 23, coffee maker, round, 2000, 175, 1, 94, Cameron, 
A2DNWDHMMBSHWT, F, English, 10, 65, 24, coffee maker, round, 10000, 45, 1, 22, Darren, 
A2DNWDHMMBSHWT, F, English, 10, 65, 25, coffee maker, sharp, 21, 45, 0.25, 42, Eli, 
A2DNWDHMMBSHWT, F, English, 10, 65, 26, coffee maker, sharp, 51, 50, 0.25, 2, Felix, 
A2DNWDHMMBSHWT, F, English, 10, 65, 27, coffee maker, sharp, 101, 100, 0.5, 61, Gabe, 
A2DNWDHMMBSHWT, F, English, 10, 65, 28, coffee maker, sharp, 201, 175, 0.75, 90, Hal, 
A2DNWDHMMBSHWT, F, English, 10, 65, 29, coffee maker, sharp, 501, 176, 0.75, 53, Irvin, 
A2DNWDHMMBSHWT, F, English, 10, 65, 30, coffee maker, sharp, 1001, 175, 1, 80, Jerry, 
A2DNWDHMMBSHWT, F, English, 10, 65, 31, coffee maker, sharp, 2001, 50, 1, 10, Kenneth, 
A2DNWDHMMBSHWT, F, English, 10, 65, 32, coffee maker, sharp, 10001, 150, 1, 45, Larry, 
A2DNWDHMMBSHWT, F, English, 10, 65, 33, sweater, round, 20, 40, 0.25, 25, Martin, 
A2DNWDHMMBSHWT, F, English, 10, 65, 34, sweater, round, 50, 50, 0.5, 46, Nelson, 
A2DNWDHMMBSHWT, F, English, 10, 65, 35, sweater, round, 100, 100, 0.5, 83, Oscar, 
A2DNWDHMMBSHWT, F, English, 10, 65, 36, sweater, round, 200, 200, 0.5, 69, Perry, 
A2DNWDHMMBSHWT, F, English, 10, 65, 37, sweater, round, 500, 100, 1, 18, Ron, 
A2DNWDHMMBSHWT, F, English, 10, 65, 38, sweater, round, 1000, 100, 1, 16, Sam, 
A2DNWDHMMBSHWT, F, English, 10, 65, 39, sweater, round, 2000, 100, 1, 48, Ted, 
A2DNWDHMMBSHWT, F, English, 10, 65, 40, sweater, round, 10000, 100, 0.975, 49, Andrew, 
A2DNWDHMMBSHWT, F, English, 10, 65, 41, sweater, sharp, 21, 25, 0.25, 78, Bart, 
A2DNWDHMMBSHWT, F, English, 10, 65, 42, sweater, sharp, 51, 55, 0.25, 3, Corey, 
A2DNWDHMMBSHWT, F, English, 10, 65, 43, sweater, sharp, 101, 50, 0.75, 5, Don, 
A2DNWDHMMBSHWT, F, English, 10, 65, 44, sweater, sharp, 201, 100, 0.75, 29, Edward, 
A2DNWDHMMBSHWT, F, English, 10, 65, 45, sweater, sharp, 501, 100, 1, 23, Fred, 
A2DNWDHMMBSHWT, F, English, 10, 65, 46, sweater, sharp, 1001, 75, 1, 11, Garrett, 
A2DNWDHMMBSHWT, F, English, 10, 65, 47, sweater, sharp, 2001, 50, 1, 9, Henry, 
A2DNWDHMMBSHWT, F, English, 10, 65, 48, sweater, sharp, 10001, 100, 1, 35, Isaac, 
A2DNWDHMMBSHWT, F, English, 10, 65, 49, headphones, round, 20, 20, 0.5, 15, Jordan, 
A2DNWDHMMBSHWT, F, English, 10, 65, 50, headphones, round, 50, 50, 0.5, 70, Keith, 
A2DNWDHMMBSHWT, F, English, 10, 65, 51, headphones, round, 100, 45, 0.75, 14, Laurence , 
A2DNWDHMMBSHWT, F, English, 10, 65, 52, headphones, round, 200, 100, 0.75, 41, Matt, 
A2DNWDHMMBSHWT, F, English, 10, 65, 53, headphones, round, 500, 100, 1, 64, Norman, 
A2DNWDHMMBSHWT, F, English, 10, 65, 54, headphones, round, 1000, 200, 1, 38, Oliver, 
A2DNWDHMMBSHWT, F, English, 10, 65, 55, headphones, round, 2000, 200, 0.975, 37, Phillip, 
A2DNWDHMMBSHWT, F, English, 10, 65, 56, headphones, round, 10000, 100, 1, 68, Russell, 
A2DNWDHMMBSHWT, F, English, 10, 65, 57, headphones, sharp, 21, 35, 0.25, 75, Seth, 
A2DNWDHMMBSHWT, F, English, 10, 65, 58, headphones, sharp, 51, 75, 0, 55, Tim, 
A2DNWDHMMBSHWT, F, English, 10, 65, 59, headphones, sharp, 101, 100, 0.25, 44, Aaron, 
A2DNWDHMMBSHWT, F, English, 10, 65, 60, headphones, sharp, 201, 199.95, 0.5, 72, Ben, 
A2DNWDHMMBSHWT, F, English, 10, 65, 61, headphones, sharp, 501, 100, 0.75, 58, Cyrus, 
A2DNWDHMMBSHWT, F, English, 10, 65, 62, headphones, sharp, 1001, 150, 1, 82, Daniel, 
A2DNWDHMMBSHWT, F, English, 10, 65, 63, headphones, sharp, 2001, 45, 1, 17, Eric, 
A2DNWDHMMBSHWT, F, English, 10, 65, 64, headphones, sharp, 10001, 100, 1, 31, Chris, 
A2DNWDHMMBSHWT, F, English, 10, 65, 65, watch, round, 20, 20, 0.5, 56, Charles, 
A2DNWDHMMBSHWT, F, English, 10, 65, 66, watch, round, 50, 50, 0.5, 74, Brian, 
A2DNWDHMMBSHWT, F, English, 10, 65, 67, watch, round, 100, 100, 0.5, 20, Adam, 
A2DNWDHMMBSHWT, F, English, 10, 65, 68, watch, round, 200, 200, 0.5, 92, Michael, 
A2DNWDHMMBSHWT, F, English, 10, 65, 69, watch, round, 500, 300, 0.75, 59, James, 
A2DNWDHMMBSHWT, F, English, 10, 65, 70, watch, round, 1000, 250, 0.725, 13, John, 
A2DNWDHMMBSHWT, F, English, 10, 65, 71, watch, round, 2000, 200, 1, 8, Douglas, 
A2DNWDHMMBSHWT, F, English, 10, 65, 72, watch, round, 10000, 250, 1, 62, Justin, 
A2DNWDHMMBSHWT, F, English, 10, 65, 73, watch, sharp, 21, 20.99, 0.5, 81, Billy, 
A2DNWDHMMBSHWT, F, English, 10, 65, 74, watch, sharp, 51, 50, 0.5, 86, Howard, 
A2DNWDHMMBSHWT, F, English, 10, 65, 75, watch, sharp, 101, 100, 0.5, 85, Todd, 
A2DNWDHMMBSHWT, F, English, 10, 65, 76, watch, sharp, 201, 200, 0.5, 77, Alan, 
A2DNWDHMMBSHWT, F, English, 10, 65, 77, watch, sharp, 501, 359.99, 0.75, 71, Jeff, 
A2DNWDHMMBSHWT, F, English, 10, 65, 78, watch, sharp, 1001, 250, 1, 84, Ray, 
A2DNWDHMMBSHWT, F, English, 10, 65, 79, watch, sharp, 2001, 100, 1, 28, Tom, 
A2DNWDHMMBSHWT, F, English, 10, 65, 80, watch, sharp, 10001, 350, 1, 76, Rick, 
A2DNWDHMMBSHWT, F, English, 10, 65, 81, laptop, round, 20, 200, 0.025, 21, Ian, 
A2DNWDHMMBSHWT, F, English, 10, 65, 82, laptop, round, 50, 350, 0.025, 87, Kirk, 
A2DNWDHMMBSHWT, F, English, 10, 65, 83, laptop, round, 100, 350, 0, 79, Sean, 
A2DNWDHMMBSHWT, F, English, 10, 65, 84, laptop, round, 200, 200, 0.5, 7, Zach, 
A2DNWDHMMBSHWT, F, English, 10, 65, 85, laptop, round, 500, 500, 0.5, 91, Dean, 
A2DNWDHMMBSHWT, F, English, 10, 65, 86, laptop, round, 1000, 800, 0.5, 32, Theodore, 
A2DNWDHMMBSHWT, F, English, 10, 65, 87, laptop, round, 2000, 1800, 0.5, 65, Rodney, 
A2DNWDHMMBSHWT, F, English, 10, 65, 88, laptop, round, 10000, 300, 0.975, 24, Will, 
A2DNWDHMMBSHWT, F, English, 10, 65, 89, laptop, sharp, 21, 300, 0, 6, Jack, 
A2DNWDHMMBSHWT, F, English, 10, 65, 90, laptop, sharp, 51, 350, 0.025, 73, Roger, 
A2DNWDHMMBSHWT, F, English, 10, 65, 91, laptop, sharp, 101, 300, 0.25, 39, Greg, 
A2DNWDHMMBSHWT, F, English, 10, 65, 92, laptop, sharp, 201, 200, 0.25, 12, Scott, 
A2DNWDHMMBSHWT, F, English, 10, 65, 93, laptop, sharp, 501, 500, 0.5, 63, Joseph, 
A2DNWDHMMBSHWT, F, English, 10, 65, 94, laptop, sharp, 1001, 800, 0.75, 60, Richard, 
A2DNWDHMMBSHWT, F, English, 10, 65, 95, laptop, sharp, 2001, 300, 1, 27, Carl, 
A2DNWDHMMBSHWT, F, English, 10, 65, 96, laptop, sharp, 10001, 850, 1, 93, Leon, 
ABMM7PTIH9EZY, F, englisj, 4, 35, 1, electric kettle, round, 20, 19.99, 0.3, 62, Alex, 
ABMM7PTIH9EZY, F, englisj, 4, 35, 2, electric kettle, round, 50, 49.99, 0.65, 27, Bob, 
ABMM7PTIH9EZY, F, englisj, 4, 35, 3, electric kettle, round, 100, 99.99, 0.575, 79, Calvin, 
ABMM7PTIH9EZY, F, englisj, 4, 35, 4, electric kettle, round, 200, 199.99, 0.425, 53, Dave, 
ABMM7PTIH9EZY, F, englisj, 4, 35, 5, electric kettle, round, 500, 499.99, 0.425, 52, Ed, 
ABMM7PTIH9EZY, F, englisj, 4, 35, 6, electric kettle, round, 1000, 999.99, 0.7, 17, Frank, 
ABMM7PTIH9EZY, F, englisj, 4, 35, 7, electric kettle, round, 2000, 1999.99, 0.725, 38, George, 
ABMM7PTIH9EZY, F, englisj, 4, 35, 8, electric kettle, round, 10000, 999.99, 0.275, 94, Harry, 
ABMM7PTIH9EZY, F, englisj, 4, 35, 9, electric kettle, sharp, 21, 20.99, 0.7, 30, Ivan, 
ABMM7PTIH9EZY, F, englisj, 4, 35, 10, electric kettle, sharp, 51, 50.99, 0.375, 55, Jake, 
ABMM7PTIH9EZY, F, englisj, 4, 35, 11, electric kettle, sharp, 101, 99.99, 0.675, 75, Kevin, 
ABMM7PTIH9EZY, F, englisj, 4, 35, 12, electric kettle, sharp, 201, 199.99, 0.725, 22, Luke, 
ABMM7PTIH9EZY, F, englisj, 4, 35, 13, electric kettle, sharp, 501, 499.99, 0.675, 24, Mark, 
ABMM7PTIH9EZY, F, englisj, 4, 35, 14, electric kettle, sharp, 1001, 999.99, 0.375, 44, Ned, 
ABMM7PTIH9EZY, F, englisj, 4, 35, 15, electric kettle, sharp, 2001, 1999.99, 0.625, 92, Owen, 
ABMM7PTIH9EZY, F, englisj, 4, 35, 16, electric kettle, sharp, 10001, 999.99, 0.65, 18, Paul, 
ABMM7PTIH9EZY, F, englisj, 4, 35, 17, coffee maker, round, 20, 19.99, 0.275, 81, Ryan, 
ABMM7PTIH9EZY, F, englisj, 4, 35, 18, coffee maker, round, 50, 49.99, 0.725, 32, Steve, 
ABMM7PTIH9EZY, F, englisj, 4, 35, 19, coffee maker, round, 100, 99.99, 0.4, 50, Terry, 
ABMM7PTIH9EZY, F, englisj, 4, 35, 20, coffee maker, round, 200, 199.99, 0.7, 11, Victor, 
ABMM7PTIH9EZY, F, englisj, 4, 35, 21, coffee maker, round, 500, 499.99, 0.425, 90, Albert, 
ABMM7PTIH9EZY, F, englisj, 4, 35, 22, coffee maker, round, 1000, 999.99, 0.325, 65, Barry, 
ABMM7PTIH9EZY, F, englisj, 4, 35, 23, coffee maker, round, 2000, 1999.99, 0.75, 19, Cameron, 
ABMM7PTIH9EZY, F, englisj, 4, 35, 24, coffee maker, round, 10000, 199.99, 0.575, 5, Darren, 
ABMM7PTIH9EZY, F, englisj, 4, 35, 25, coffee maker, sharp, 21, 19.99, 0.75, 41, Eli, 
ABMM7PTIH9EZY, F, englisj, 4, 35, 26, coffee maker, sharp, 51, 49.99, 0.725, 35, Felix, 
ABMM7PTIH9EZY, F, englisj, 4, 35, 27, coffee maker, sharp, 101, 99.99, 0.675, 34, Gabe, 
ABMM7PTIH9EZY, F, englisj, 4, 35, 28, coffee maker, sharp, 201, 199.99, 0.6, 76, Hal, 
ABMM7PTIH9EZY, F, englisj, 4, 35, 29, coffee maker, sharp, 501, 499.99, 0.425, 86, Irvin, 
ABMM7PTIH9EZY, F, englisj, 4, 35, 30, coffee maker, sharp, 1001, 999.99, 0.8, 95, Jerry, 
ABMM7PTIH9EZY, F, englisj, 4, 35, 31, coffee maker, sharp, 2001, 1999.99, 0.7, 25, Kenneth, 
ABMM7PTIH9EZY, F, englisj, 4, 35, 32, coffee maker, sharp, 10001, 9999.99, 0.625, 68, Larry, 
ABMM7PTIH9EZY, F, englisj, 4, 35, 33, sweater, round, 20, 19.99, 0.625, 42, Martin, 
ABMM7PTIH9EZY, F, englisj, 4, 35, 34, sweater, round, 50, 49.99, 0.625, 61, Nelson, 
ABMM7PTIH9EZY, F, englisj, 4, 35, 35, sweater, round, 100, 99.99, 0.7, 36, Oscar, 
ABMM7PTIH9EZY, F, englisj, 4, 35, 36, sweater, round, 200, 199.99, 0.6, 2, Perry, 
ABMM7PTIH9EZY, F, englisj, 4, 35, 37, sweater, round, 500, 499.99, 0.7, 13, Ron, 
ABMM7PTIH9EZY, F, englisj, 4, 35, 38, sweater, round, 1000, 999.99, 0.65, 96, Sam, 
ABMM7PTIH9EZY, F, englisj, 4, 35, 39, sweater, round, 2000, 1999.99, 0.6, 69, Ted, 
ABMM7PTIH9EZY, F, englisj, 4, 35, 40, sweater, round, 10000, 200.99, 0.75, 1, Andrew, 
ABMM7PTIH9EZY, F, englisj, 4, 35, 41, sweater, sharp, 21, 20.99, 0.75, 33, Bart, 
ABMM7PTIH9EZY, F, englisj, 4, 35, 42, sweater, sharp, 51, 49.99, 0.575, 73, Corey, 
ABMM7PTIH9EZY, F, englisj, 4, 35, 43, sweater, sharp, 101, 99.99, 0.625, 64, Don, 
ABMM7PTIH9EZY, F, englisj, 4, 35, 44, sweater, sharp, 201, 199.99, 0.725, 21, Edward, 
ABMM7PTIH9EZY, F, englisj, 4, 35, 45, sweater, sharp, 501, 499.99, 0.45, 72, Fred, 
ABMM7PTIH9EZY, F, englisj, 4, 35, 46, sweater, sharp, 1001, 1999.99, 0.725, 23, Garrett, 
ABMM7PTIH9EZY, F, englisj, 4, 35, 47, sweater, sharp, 2001, 1999.99, 0.7, 9, Henry, 
ABMM7PTIH9EZY, F, englisj, 4, 35, 48, sweater, sharp, 10001, 200.99, 0.55, 6, Isaac, 
ABMM7PTIH9EZY, F, englisj, 4, 35, 49, headphones, round, 20, 19.99, 0.325, 59, Jordan, 
ABMM7PTIH9EZY, F, englisj, 4, 35, 50, headphones, round, 50, 49.99, 0.425, 84, Keith, 
ABMM7PTIH9EZY, F, englisj, 4, 35, 51, headphones, round, 100, 99.99, 0.65, 58, Laurence , 
ABMM7PTIH9EZY, F, englisj, 4, 35, 52, headphones, round, 200, 199.99, 0.6, 43, Matt, 
ABMM7PTIH9EZY, F, englisj, 4, 35, 53, headphones, round, 500, 499.99, 0.575, 83, Norman, 
ABMM7PTIH9EZY, F, englisj, 4, 35, 54, headphones, round, 1000, 999.99, 0.35, 51, Oliver, 
ABMM7PTIH9EZY, F, englisj, 4, 35, 55, headphones, round, 2000, 1999.99, 0.65, 16, Phillip, 
ABMM7PTIH9EZY, F, englisj, 4, 35, 56, headphones, round, 10000, 9999.99, 0.625, 67, Russell, 
ABMM7PTIH9EZY, F, englisj, 4, 35, 57, headphones, sharp, 21, 20.99, 0.4, 48, Seth, 
ABMM7PTIH9EZY, F, englisj, 4, 35, 58, headphones, sharp, 51, 49.99, 0.7, 31, Tim, 
ABMM7PTIH9EZY, F, englisj, 4, 35, 59, headphones, sharp, 101, 99.99, 0.65, 66, Aaron, 
ABMM7PTIH9EZY, F, englisj, 4, 35, 60, headphones, sharp, 201, 199.99, 0.4, 85, Ben, 
ABMM7PTIH9EZY, F, englisj, 4, 35, 61, headphones, sharp, 501, 499.99, 0.575, 88, Cyrus, 
ABMM7PTIH9EZY, F, englisj, 4, 35, 62, headphones, sharp, 1001, 999.99, 0.575, 8, Daniel, 
ABMM7PTIH9EZY, F, englisj, 4, 35, 63, headphones, sharp, 2001, 1999.99, 0.8, 39, Eric, 
ABMM7PTIH9EZY, F, englisj, 4, 35, 64, headphones, sharp, 10001, 999.99, 0.45, 77, Chris, 
ABMM7PTIH9EZY, F, englisj, 4, 35, 65, watch, round, 20, 19.99, 0.375, 93, Charles, 
ABMM7PTIH9EZY, F, englisj, 4, 35, 66, watch, round, 50, 49.99, 0.575, 80, Brian, 
ABMM7PTIH9EZY, F, englisj, 4, 35, 67, watch, round, 100, 99.99, 0.7, 29, Adam, 
ABMM7PTIH9EZY, F, englisj, 4, 35, 68, watch, round, 200, 199.99, 0.7, 14, Michael, 
ABMM7PTIH9EZY, F, englisj, 4, 35, 69, watch, round, 500, 499.99, 0.7, 3, James, 
ABMM7PTIH9EZY, F, englisj, 4, 35, 70, watch, round, 1000, 999.99, 0.725, 37, John, 
ABMM7PTIH9EZY, F, englisj, 4, 35, 71, watch, round, 2000, 1999.99, 0.4, 74, Douglas, 
ABMM7PTIH9EZY, F, englisj, 4, 35, 72, watch, round, 10000, 999.99, 0.7, 20, Justin, 
ABMM7PTIH9EZY, F, englisj, 4, 35, 73, watch, sharp, 21, 20.99, 0.65, 63, Billy, 
ABMM7PTIH9EZY, F, englisj, 4, 35, 74, watch, sharp, 51, 50.99, 0.525, 4, Howard, 
ABMM7PTIH9EZY, F, englisj, 4, 35, 75, watch, sharp, 101, 99.99, 0.725, 28, Todd, 
ABMM7PTIH9EZY, F, englisj, 4, 35, 76, watch, sharp, 201, 199.99, 0.775, 26, Alan, 
ABMM7PTIH9EZY, F, englisj, 4, 35, 77, watch, sharp, 501, 499.99, 0.425, 87, Jeff, 
ABMM7PTIH9EZY, F, englisj, 4, 35, 78, watch, sharp, 1001, 999.99, 0.7, 15, Ray, 
ABMM7PTIH9EZY, F, englisj, 4, 35, 79, watch, sharp, 2001, 1999.99, 0.4, 45, Tom, 
ABMM7PTIH9EZY, F, englisj, 4, 35, 80, watch, sharp, 10001, 999.99, 0.675, 89, Rick, 
ABMM7PTIH9EZY, F, englisj, 4, 35, 81, laptop, round, 20, 19.99, 0.425, 54, Ian, 
ABMM7PTIH9EZY, F, englisj, 4, 35, 82, laptop, round, 50, 250, 0.625, 7, Kirk, 
ABMM7PTIH9EZY, F, englisj, 4, 35, 83, laptop, round, 100, 99.99, 0.6, 57, Sean, 
ABMM7PTIH9EZY, F, englisj, 4, 35, 84, laptop, round, 200, 199.99, 0.6, 71, Zach, 
ABMM7PTIH9EZY, F, englisj, 4, 35, 85, laptop, round, 500, 499.99, 0.575, 82, Dean, 
ABMM7PTIH9EZY, F, englisj, 4, 35, 86, laptop, round, 1000, 999.99, 0.275, 60, Theodore, 
ABMM7PTIH9EZY, F, englisj, 4, 35, 87, laptop, round, 2000, 1999.99, 0.375, 49, Rodney, 
ABMM7PTIH9EZY, F, englisj, 4, 35, 88, laptop, round, 10000, 999.99, 0.575, 78, Will, 
ABMM7PTIH9EZY, F, englisj, 4, 35, 89, laptop, sharp, 21, 19.99, 0.375, 91, Jack, 
ABMM7PTIH9EZY, F, englisj, 4, 35, 90, laptop, sharp, 51, 50.99, 0.425, 46, Roger, 
ABMM7PTIH9EZY, F, englisj, 4, 35, 91, laptop, sharp, 101, 99.99, 0.675, 12, Greg, 
ABMM7PTIH9EZY, F, englisj, 4, 35, 92, laptop, sharp, 201, 199.99, 0.4, 47, Scott, 
ABMM7PTIH9EZY, F, englisj, 4, 35, 93, laptop, sharp, 501, 499.99, 0.725, 40, Joseph, 
ABMM7PTIH9EZY, F, englisj, 4, 35, 94, laptop, sharp, 1001, 999.99, 0.675, 10, Richard, 
ABMM7PTIH9EZY, F, englisj, 4, 35, 95, laptop, sharp, 2001, 1999.99, 0.575, 56, Carl, 
ABMM7PTIH9EZY, F, englisj, 4, 35, 96, laptop, sharp, 10001, 999.99, 0.35, 70, Leon, 
AG7WQ3TB100SO, M, english, 4, 25, 1, electric kettle, round, 20, 20, 0.15, 69, Alex, 
AG7WQ3TB100SO, M, english, 4, 25, 2, electric kettle, round, 50, 50, 0.4, 35, Bob, 
AG7WQ3TB100SO, M, english, 4, 25, 3, electric kettle, round, 100, 100, 0.625, 89, Calvin, 
AG7WQ3TB100SO, M, english, 4, 25, 4, electric kettle, round, 200, 200, 0.55, 32, Dave, 
AG7WQ3TB100SO, M, english, 4, 25, 5, electric kettle, round, 500, 50, 0.6, 45, Ed, 
AG7WQ3TB100SO, M, english, 4, 25, 6, electric kettle, round, 1000, 35, 0.65, 18, Frank, 
AG7WQ3TB100SO, M, english, 4, 25, 7, electric kettle, round, 2000, 50, 0.8, 70, George, 
AG7WQ3TB100SO, M, english, 4, 25, 8, electric kettle, round, 10000, 100, 0.825, 93, Harry, 
AG7WQ3TB100SO, M, english, 4, 25, 9, electric kettle, sharp, 21, 21, 0.25, 19, Ivan, 
AG7WQ3TB100SO, M, english, 4, 25, 10, electric kettle, sharp, 51, 51, 0.275, 68, Jake, 
AG7WQ3TB100SO, M, english, 4, 25, 11, electric kettle, sharp, 101, 101, 0.7, 94, Kevin, 
AG7WQ3TB100SO, M, english, 4, 25, 12, electric kettle, sharp, 201, 50, 0.625, 86, Luke, 
AG7WQ3TB100SO, M, english, 4, 25, 13, electric kettle, sharp, 501, 25, 0.75, 3, Mark, 
AG7WQ3TB100SO, M, english, 4, 25, 14, electric kettle, sharp, 1001, 50, 0.7, 78, Ned, 
AG7WQ3TB100SO, M, english, 4, 25, 15, electric kettle, sharp, 2001, 100, 0.8, 85, Owen, 
AG7WQ3TB100SO, M, english, 4, 25, 16, electric kettle, sharp, 10001, 25, 0.75, 2, Paul, 
AG7WQ3TB100SO, M, english, 4, 25, 17, coffee maker, round, 20, 20, 0.175, 73, Ryan, 
AG7WQ3TB100SO, M, english, 4, 25, 18, coffee maker, round, 50, 50, 0.4, 36, Steve, 
AG7WQ3TB100SO, M, english, 4, 25, 19, coffee maker, round, 100, 100, 0.35, 37, Terry, 
AG7WQ3TB100SO, M, english, 4, 25, 20, coffee maker, round, 200, 200, 0.8, 91, Victor, 
AG7WQ3TB100SO, M, english, 4, 25, 21, coffee maker, round, 500, 35, 0.75, 4, Albert, 
AG7WQ3TB100SO, M, english, 4, 25, 22, coffee maker, round, 1000, 100, 0.675, 58, Barry, 
AG7WQ3TB100SO, M, english, 4, 25, 23, coffee maker, round, 2000, 35, 0.75, 65, Cameron, 
AG7WQ3TB100SO, M, english, 4, 25, 24, coffee maker, round, 10000, 50, 0.825, 44, Darren, 
AG7WQ3TB100SO, M, english, 4, 25, 25, coffee maker, sharp, 21, 21, 0.25, 26, Eli, 
AG7WQ3TB100SO, M, english, 4, 25, 26, coffee maker, sharp, 51, 51, 0.375, 84, Felix, 
AG7WQ3TB100SO, M, english, 4, 25, 27, coffee maker, sharp, 101, 101, 0.325, 20, Gabe, 
AG7WQ3TB100SO, M, english, 4, 25, 28, coffee maker, sharp, 201, 100, 0.575, 59, Hal, 
AG7WQ3TB100SO, M, english, 4, 25, 29, coffee maker, sharp, 501, 100, 0.725, 53, Irvin, 
AG7WQ3TB100SO, M, english, 4, 25, 30, coffee maker, sharp, 1001, 100, 0.7, 38, Jerry, 
AG7WQ3TB100SO, M, english, 4, 25, 31, coffee maker, sharp, 2001, 50, 0.8, 80, Kenneth, 
AG7WQ3TB100SO, M, english, 4, 25, 32, coffee maker, sharp, 10001, 100, 0.7, 95, Larry, 
AG7WQ3TB100SO, M, english, 4, 25, 33, sweater, round, 20, 20, 0.1, 92, Martin, 
AG7WQ3TB100SO, M, english, 4, 25, 34, sweater, round, 50, 50, 0.375, 21, Nelson, 
AG7WQ3TB100SO, M, english, 4, 25, 35, sweater, round, 100, 100, 0.225, 29, Oscar, 
AG7WQ3TB100SO, M, english, 4, 25, 36, sweater, round, 200, 35, 0.75, 11, Perry, 
AG7WQ3TB100SO, M, english, 4, 25, 37, sweater, round, 500, 50, 0.725, 60, Ron, 
AG7WQ3TB100SO, M, english, 4, 25, 38, sweater, round, 1000, 35, 0.75, 8, Sam, 
AG7WQ3TB100SO, M, english, 4, 25, 39, sweater, round, 2000, 30, 0.75, 6, Ted, 
AG7WQ3TB100SO, M, english, 4, 25, 40, sweater, round, 10000, 100, 0.775, 61, Andrew, 
AG7WQ3TB100SO, M, english, 4, 25, 41, sweater, sharp, 21, 21, 0.15, 76, Bart, 
AG7WQ3TB100SO, M, english, 4, 25, 42, sweater, sharp, 51, 51, 0.425, 88, Corey, 
AG7WQ3TB100SO, M, english, 4, 25, 43, sweater, sharp, 101, 101, 0.3, 30, Don, 
AG7WQ3TB100SO, M, english, 4, 25, 44, sweater, sharp, 201, 100, 0.575, 42, Edward, 
AG7WQ3TB100SO, M, english, 4, 25, 45, sweater, sharp, 501, 35, 0.75, 10, Fred, 
AG7WQ3TB100SO, M, english, 4, 25, 46, sweater, sharp, 1001, 35, 0.75, 16, Garrett, 
AG7WQ3TB100SO, M, english, 4, 25, 47, sweater, sharp, 2001, 35, 0.75, 66, Henry, 
AG7WQ3TB100SO, M, english, 4, 25, 48, sweater, sharp, 10001, 50, 0.675, 46, Isaac, 
AG7WQ3TB100SO, M, english, 4, 25, 49, headphones, round, 20, 20, 0.2, 52, Jordan, 
AG7WQ3TB100SO, M, english, 4, 25, 50, headphones, round, 50, 50, 0.35, 1, Keith, 
AG7WQ3TB100SO, M, english, 4, 25, 51, headphones, round, 100, 100, 0.55, 71, Laurence , 
AG7WQ3TB100SO, M, english, 4, 25, 52, headphones, round, 200, 200, 0.65, 81, Matt, 
AG7WQ3TB100SO, M, english, 4, 25, 53, headphones, round, 500, 50, 0.75, 9, Norman, 
AG7WQ3TB100SO, M, english, 4, 25, 54, headphones, round, 1000, 100, 0.675, 39, Oliver, 
AG7WQ3TB100SO, M, english, 4, 25, 55, headphones, round, 2000, 50, 0.725, 28, Phillip, 
AG7WQ3TB100SO, M, english, 4, 25, 56, headphones, round, 10000, 100, 0.6, 50, Russell, 
AG7WQ3TB100SO, M, english, 4, 25, 57, headphones, sharp, 21, 21, 0.25, 12, Seth, 
AG7WQ3TB100SO, M, english, 4, 25, 58, headphones, sharp, 51, 51, 0.4, 77, Tim, 
AG7WQ3TB100SO, M, english, 4, 25, 59, headphones, sharp, 101, 101, 0.525, 49, Aaron, 
AG7WQ3TB100SO, M, english, 4, 25, 60, headphones, sharp, 201, 201, 0.7, 67, Ben, 
AG7WQ3TB100SO, M, english, 4, 25, 61, headphones, sharp, 501, 100, 0.775, 75, Cyrus, 
AG7WQ3TB100SO, M, english, 4, 25, 62, headphones, sharp, 1001, 50, 0.775, 7, Daniel, 
AG7WQ3TB100SO, M, english, 4, 25, 63, headphones, sharp, 2001, 50, 0.725, 24, Eric, 
AG7WQ3TB100SO, M, english, 4, 25, 64, headphones, sharp, 10001, 50, 0.75, 5, Chris, 
AG7WQ3TB100SO, M, english, 4, 25, 65, watch, round, 20, 20, 0.35, 90, Charles, 
AG7WQ3TB100SO, M, english, 4, 25, 66, watch, round, 50, 50, 0.225, 62, Brian, 
AG7WQ3TB100SO, M, english, 4, 25, 67, watch, round, 100, 100, 0.275, 43, Adam, 
AG7WQ3TB100SO, M, english, 4, 25, 68, watch, round, 200, 200, 0.25, 13, Michael, 
AG7WQ3TB100SO, M, english, 4, 25, 69, watch, round, 500, 500, 0.675, 74, James, 
AG7WQ3TB100SO, M, english, 4, 25, 70, watch, round, 1000, 1000, 0.8, 96, John, 
AG7WQ3TB100SO, M, english, 4, 25, 71, watch, round, 2000, 200, 0.675, 48, Douglas, 
AG7WQ3TB100SO, M, english, 4, 25, 72, watch, round, 10000, 200, 0.775, 79, Justin, 
AG7WQ3TB100SO, M, english, 4, 25, 73, watch, sharp, 21, 21, 0.125, 55, Billy, 
AG7WQ3TB100SO, M, english, 4, 25, 74, watch, sharp, 51, 51, 0.15, 83, Howard, 
AG7WQ3TB100SO, M, english, 4, 25, 75, watch, sharp, 101, 101, 0.375, 14, Todd, 
AG7WQ3TB100SO, M, english, 4, 25, 76, watch, sharp, 201, 201, 0.3, 22, Alan, 
AG7WQ3TB100SO, M, english, 4, 25, 77, watch, sharp, 501, 100, 0.75, 15, Jeff, 
AG7WQ3TB100SO, M, english, 4, 25, 78, watch, sharp, 1001, 200, 0.75, 27, Ray, 
AG7WQ3TB100SO, M, english, 4, 25, 79, watch, sharp, 2001, 200, 0.725, 25, Tom, 
AG7WQ3TB100SO, M, english, 4, 25, 80, watch, sharp, 10001, 50, 0.75, 63, Rick, 
AG7WQ3TB100SO, M, english, 4, 25, 81, laptop, round, 20, 1000, 0.25, 23, Ian, 
AG7WQ3TB100SO, M, english, 4, 25, 82, laptop, round, 50, 500, 0.35, 34, Kirk, 
AG7WQ3TB100SO, M, english, 4, 25, 83, laptop, round, 100, 100, 0.1, 64, Sean, 
AG7WQ3TB100SO, M, english, 4, 25, 84, laptop, round, 200, 200, 0.275, 57, Zach, 
AG7WQ3TB100SO, M, english, 4, 25, 85, laptop, round, 500, 500, 0.5, 40, Dean, 
AG7WQ3TB100SO, M, english, 4, 25, 86, laptop, round, 1000, 1000, 0.525, 56, Theodore, 
AG7WQ3TB100SO, M, english, 4, 25, 87, laptop, round, 2000, 1000, 0.575, 41, Rodney, 
AG7WQ3TB100SO, M, english, 4, 25, 88, laptop, round, 10000, 1000, 0.825, 87, Will, 
AG7WQ3TB100SO, M, english, 4, 25, 89, laptop, sharp, 21, 500, 0.175, 47, Jack, 
AG7WQ3TB100SO, M, english, 4, 25, 90, laptop, sharp, 51, 500, 0.675, 82, Roger, 
AG7WQ3TB100SO, M, english, 4, 25, 91, laptop, sharp, 101, 500, 0.35, 33, Greg, 
AG7WQ3TB100SO, M, english, 4, 25, 92, laptop, sharp, 201, 201, 0.4, 51, Scott, 
AG7WQ3TB100SO, M, english, 4, 25, 93, laptop, sharp, 501, 501, 0.425, 54, Joseph, 
AG7WQ3TB100SO, M, english, 4, 25, 94, laptop, sharp, 1001, 1001, 0.6, 31, Richard, 
AG7WQ3TB100SO, M, english, 4, 25, 95, laptop, sharp, 2001, 1000, 0.675, 72, Carl, 
AG7WQ3TB100SO, M, english, 4, 25, 96, laptop, sharp, 10001, 1000, 0.75, 17, Leon, 
AAXYYH9MI3PJM, M, English, 4, 35, 1, electric kettle, round, 20, 20, 0.3, 95, Alex, 
AAXYYH9MI3PJM, M, English, 4, 35, 2, electric kettle, round, 50, 50, 0.55, 24, Bob, 
AAXYYH9MI3PJM, M, English, 4, 35, 3, electric kettle, round, 100, 100, 0.525, 19, Calvin, 
AAXYYH9MI3PJM, M, English, 4, 35, 4, electric kettle, round, 200, 200, 0.6, 30, Dave, 
AAXYYH9MI3PJM, M, English, 4, 35, 5, electric kettle, round, 500, 500, 0.7, 45, Ed, 
AAXYYH9MI3PJM, M, English, 4, 35, 6, electric kettle, round, 1000, 1000, 0.225, 4, Frank, 
AAXYYH9MI3PJM, M, English, 4, 35, 7, electric kettle, round, 2000, 2000, 0.8, 88, George, 
AAXYYH9MI3PJM, M, English, 4, 35, 8, electric kettle, round, 10000, 10000, 0.75, 12, Harry, 
AAXYYH9MI3PJM, M, English, 4, 35, 9, electric kettle, sharp, 21, 21, 0.25, 31, Ivan, 
AAXYYH9MI3PJM, M, English, 4, 35, 10, electric kettle, sharp, 51, 51, 0.625, 37, Jake, 
AAXYYH9MI3PJM, M, English, 4, 35, 11, electric kettle, sharp, 101, 101, 0.55, 40, Kevin, 
AAXYYH9MI3PJM, M, English, 4, 35, 12, electric kettle, sharp, 201, 201, 0.775, 78, Luke, 
AAXYYH9MI3PJM, M, English, 4, 35, 13, electric kettle, sharp, 501, 501, 0.525, 15, Mark, 
AAXYYH9MI3PJM, M, English, 4, 35, 14, electric kettle, sharp, 1001, 1001, 0.725, 52, Ned, 
AAXYYH9MI3PJM, M, English, 4, 35, 15, electric kettle, sharp, 2001, 2001, 0.775, 51, Owen, 
AAXYYH9MI3PJM, M, English, 4, 35, 16, electric kettle, sharp, 10001, 10001, 1, 90, Paul, 
AAXYYH9MI3PJM, M, English, 4, 35, 17, coffee maker, round, 20, 20, 0.175, 69, Ryan, 
AAXYYH9MI3PJM, M, English, 4, 35, 18, coffee maker, round, 50, 50, 0.25, 22, Steve, 
AAXYYH9MI3PJM, M, English, 4, 35, 19, coffee maker, round, 100, 100, 0.575, 62, Terry, 
AAXYYH9MI3PJM, M, English, 4, 35, 20, coffee maker, round, 200, 200, 0.5, 5, Victor, 
AAXYYH9MI3PJM, M, English, 4, 35, 21, coffee maker, round, 500, 500, 0.5, 9, Albert, 
AAXYYH9MI3PJM, M, English, 4, 35, 22, coffee maker, round, 1000, 1000, 0.875, 89, Barry, 
AAXYYH9MI3PJM, M, English, 4, 35, 23, coffee maker, round, 2000, 2000, 0.75, 96, Cameron, 
AAXYYH9MI3PJM, M, English, 4, 35, 24, coffee maker, round, 10000, 10000, 0.775, 11, Darren, 
AAXYYH9MI3PJM, M, English, 4, 35, 25, coffee maker, sharp, 21, 21, 0.3, 55, Eli, 
AAXYYH9MI3PJM, M, English, 4, 35, 26, coffee maker, sharp, 51, 51, 0.275, 60, Felix, 
AAXYYH9MI3PJM, M, English, 4, 35, 27, coffee maker, sharp, 101, 101, 0.5, 6, Gabe, 
AAXYYH9MI3PJM, M, English, 4, 35, 28, coffee maker, sharp, 201, 201, 0.6, 38, Hal, 
AAXYYH9MI3PJM, M, English, 4, 35, 29, coffee maker, sharp, 501, 501, 0.6, 50, Irvin, 
AAXYYH9MI3PJM, M, English, 4, 35, 30, coffee maker, sharp, 1001, 1001, 0.7, 87, Jerry, 
AAXYYH9MI3PJM, M, English, 4, 35, 31, coffee maker, sharp, 2001, 2001, 0.75, 27, Kenneth, 
AAXYYH9MI3PJM, M, English, 4, 35, 32, coffee maker, sharp, 10001, 10001, 1, 74, Larry, 
AAXYYH9MI3PJM, M, English, 4, 35, 33, sweater, round, 20, 20, 0.2, 75, Martin, 
AAXYYH9MI3PJM, M, English, 4, 35, 34, sweater, round, 50, 50, 0.55, 25, Nelson, 
AAXYYH9MI3PJM, M, English, 4, 35, 35, sweater, round, 100, 100, 0.575, 76, Oscar, 
AAXYYH9MI3PJM, M, English, 4, 35, 36, sweater, round, 200, 200, 0.6, 94, Perry, 
AAXYYH9MI3PJM, M, English, 4, 35, 37, sweater, round, 500, 500, 0.625, 66, Ron, 
AAXYYH9MI3PJM, M, English, 4, 35, 38, sweater, round, 1000, 1000, 0.775, 73, Sam, 
AAXYYH9MI3PJM, M, English, 4, 35, 39, sweater, round, 2000, 2000, 1, 79, Ted, 
AAXYYH9MI3PJM, M, English, 4, 35, 40, sweater, round, 10000, 10000, 1, 26, Andrew, 
AAXYYH9MI3PJM, M, English, 4, 35, 41, sweater, sharp, 21, 21, 0.25, 59, Bart, 
AAXYYH9MI3PJM, M, English, 4, 35, 42, sweater, sharp, 51, 51, 0.425, 71, Corey, 
AAXYYH9MI3PJM, M, English, 4, 35, 43, sweater, sharp, 101, 101, 0.5, 7, Don, 
AAXYYH9MI3PJM, M, English, 4, 35, 44, sweater, sharp, 201, 201, 0.55, 63, Edward, 
AAXYYH9MI3PJM, M, English, 4, 35, 45, sweater, sharp, 501, 501, 0.825, 80, Fred, 
AAXYYH9MI3PJM, M, English, 4, 35, 46, sweater, sharp, 1001, 1001, 0.95, 23, Garrett, 
AAXYYH9MI3PJM, M, English, 4, 35, 47, sweater, sharp, 2001, 2001, 0.95, 53, Henry, 
AAXYYH9MI3PJM, M, English, 4, 35, 48, sweater, sharp, 10001, 10001, 1, 35, Isaac, 
AAXYYH9MI3PJM, M, English, 4, 35, 49, headphones, round, 20, 20, 0.175, 46, Jordan, 
AAXYYH9MI3PJM, M, English, 4, 35, 50, headphones, round, 50, 50, 0.75, 81, Keith, 
AAXYYH9MI3PJM, M, English, 4, 35, 51, headphones, round, 100, 100, 0.625, 43, Laurence , 
AAXYYH9MI3PJM, M, English, 4, 35, 52, headphones, round, 200, 200, 0.65, 29, Matt, 
AAXYYH9MI3PJM, M, English, 4, 35, 53, headphones, round, 500, 500, 0.5, 14, Norman, 
AAXYYH9MI3PJM, M, English, 4, 35, 54, headphones, round, 1000, 1000, 0.75, 36, Oliver, 
AAXYYH9MI3PJM, M, English, 4, 35, 55, headphones, round, 2000, 2000, 0.725, 84, Phillip, 
AAXYYH9MI3PJM, M, English, 4, 35, 56, headphones, round, 10000, 10000, 1, 1, Russell, 
AAXYYH9MI3PJM, M, English, 4, 35, 57, headphones, sharp, 21, 21, 0.2, 48, Seth, 
AAXYYH9MI3PJM, M, English, 4, 35, 58, headphones, sharp, 51, 51, 0.35, 56, Tim, 
AAXYYH9MI3PJM, M, English, 4, 35, 59, headphones, sharp, 101, 101, 0.55, 16, Aaron, 
AAXYYH9MI3PJM, M, English, 4, 35, 60, headphones, sharp, 201, 201, 0.5, 8, Ben, 
AAXYYH9MI3PJM, M, English, 4, 35, 61, headphones, sharp, 501, 501, 0.625, 86, Cyrus, 
AAXYYH9MI3PJM, M, English, 4, 35, 62, headphones, sharp, 1001, 1001, 1, 44, Daniel, 
AAXYYH9MI3PJM, M, English, 4, 35, 63, headphones, sharp, 2001, 2001, 0.625, 65, Eric, 
AAXYYH9MI3PJM, M, English, 4, 35, 64, headphones, sharp, 10001, 1001, 0.6, 20, Chris, 
AAXYYH9MI3PJM, M, English, 4, 35, 65, watch, round, 20, 20, 0.275, 18, Charles, 
AAXYYH9MI3PJM, M, English, 4, 35, 66, watch, round, 50, 50, 0.25, 70, Brian, 
AAXYYH9MI3PJM, M, English, 4, 35, 67, watch, round, 100, 100, 0.5, 93, Adam, 
AAXYYH9MI3PJM, M, English, 4, 35, 68, watch, round, 200, 200, 0.6, 34, Michael, 
AAXYYH9MI3PJM, M, English, 4, 35, 69, watch, round, 500, 500, 0.65, 85, James, 
AAXYYH9MI3PJM, M, English, 4, 35, 70, watch, round, 1000, 1000, 0.65, 67, John, 
AAXYYH9MI3PJM, M, English, 4, 35, 71, watch, round, 2000, 2000, 0.325, 72, Douglas, 
AAXYYH9MI3PJM, M, English, 4, 35, 72, watch, round, 10000, 10000, 0.25, 3, Justin, 
AAXYYH9MI3PJM, M, English, 4, 35, 73, watch, sharp, 21, 21, 0.175, 82, Billy, 
AAXYYH9MI3PJM, M, English, 4, 35, 74, watch, sharp, 51, 51, 0.525, 13, Howard, 
AAXYYH9MI3PJM, M, English, 4, 35, 75, watch, sharp, 101, 101, 0.425, 47, Todd, 
AAXYYH9MI3PJM, M, English, 4, 35, 76, watch, sharp, 201, 201, 0.6, 64, Alan, 
AAXYYH9MI3PJM, M, English, 4, 35, 77, watch, sharp, 501, 501, 0.575, 32, Jeff, 
AAXYYH9MI3PJM, M, English, 4, 35, 78, watch, sharp, 1001, 1001, 0.65, 92, Ray, 
AAXYYH9MI3PJM, M, English, 4, 35, 79, watch, sharp, 2001, 2001, 0.7, 77, Tom, 
AAXYYH9MI3PJM, M, English, 4, 35, 80, watch, sharp, 10001, 10001, 0.75, 42, Rick, 
AAXYYH9MI3PJM, M, English, 4, 35, 81, laptop, round, 20, 20, 0, 21, Ian, 
AAXYYH9MI3PJM, M, English, 4, 35, 82, laptop, round, 50, 50, 0.1, 39, Kirk, 
AAXYYH9MI3PJM, M, English, 4, 35, 83, laptop, round, 100, 100, 0.25, 33, Sean, 
AAXYYH9MI3PJM, M, English, 4, 35, 84, laptop, round, 200, 200, 0.275, 91, Zach, 
AAXYYH9MI3PJM, M, English, 4, 35, 85, laptop, round, 500, 500, 0.625, 41, Dean, 
AAXYYH9MI3PJM, M, English, 4, 35, 86, laptop, round, 1000, 1000, 0.675, 54, Theodore, 
AAXYYH9MI3PJM, M, English, 4, 35, 87, laptop, round, 2000, 2000, 0.7, 57, Rodney, 
AAXYYH9MI3PJM, M, English, 4, 35, 88, laptop, round, 10000, 10000, 0.875, 49, Will, 
AAXYYH9MI3PJM, M, English, 4, 35, 89, laptop, sharp, 21, 21, 0, 28, Jack, 
AAXYYH9MI3PJM, M, English, 4, 35, 90, laptop, sharp, 51, 51, 0.25, 83, Roger, 
AAXYYH9MI3PJM, M, English, 4, 35, 91, laptop, sharp, 101, 101, 0.275, 58, Greg, 
AAXYYH9MI3PJM, M, English, 4, 35, 92, laptop, sharp, 201, 201, 0.25, 10, Scott, 
AAXYYH9MI3PJM, M, English, 4, 35, 93, laptop, sharp, 501, 501, 0.6, 61, Joseph, 
AAXYYH9MI3PJM, M, English, 4, 35, 94, laptop, sharp, 1001, 1001, 0.525, 17, Richard, 
AAXYYH9MI3PJM, M, English, 4, 35, 95, laptop, sharp, 2001, 2001, 0.5, 2, Carl, 
AAXYYH9MI3PJM, M, English, 4, 35, 96, laptop, sharp, 10001, 10001, 1, 68, Leon, 
A3IR1E1PW1WVLL, M, English, 0, 25, 1, electric kettle, round, 20, 20, 0.05, 9, Alex, 
A3IR1E1PW1WVLL, M, English, 0, 25, 2, electric kettle, round, 50, 50, 0.5, 69, Bob, 
A3IR1E1PW1WVLL, M, English, 0, 25, 3, electric kettle, round, 100, 50, 0.375, 31, Calvin, 
A3IR1E1PW1WVLL, M, English, 0, 25, 4, electric kettle, round, 200, 100, 0.425, 91, Dave, 
A3IR1E1PW1WVLL, M, English, 0, 25, 5, electric kettle, round, 500, 25, 1, 74, Ed, 
A3IR1E1PW1WVLL, M, English, 0, 25, 6, electric kettle, round, 1000, 100, 0.25, 55, Frank, 
A3IR1E1PW1WVLL, M, English, 0, 25, 7, electric kettle, round, 2000, 20, 0, 89, George, 
A3IR1E1PW1WVLL, M, English, 0, 25, 8, electric kettle, round, 10000, 100, 0.875, 27, Harry, 
A3IR1E1PW1WVLL, M, English, 0, 25, 9, electric kettle, sharp, 21, 20, 0.325, 33, Ivan, 
A3IR1E1PW1WVLL, M, English, 0, 25, 10, electric kettle, sharp, 51, 25, 0.25, 7, Jake, 
A3IR1E1PW1WVLL, M, English, 0, 25, 11, electric kettle, sharp, 101, 100, 0.725, 34, Kevin, 
A3IR1E1PW1WVLL, M, English, 0, 25, 12, electric kettle, sharp, 201, 50, 0.775, 15, Luke, 
A3IR1E1PW1WVLL, M, English, 0, 25, 13, electric kettle, sharp, 501, 50, 0.85, 52, Mark, 
A3IR1E1PW1WVLL, M, English, 0, 25, 14, electric kettle, sharp, 1001, 10, 0.625, 64, Ned, 
A3IR1E1PW1WVLL, M, English, 0, 25, 15, electric kettle, sharp, 2001, 100, 0.125, 61, Owen, 
A3IR1E1PW1WVLL, M, English, 0, 25, 16, electric kettle, sharp, 10001, 25.54, 0.325, 88, Paul, 
A3IR1E1PW1WVLL, M, English, 0, 25, 17, coffee maker, round, 20, 11.45, 0.025, 81, Ryan, 
A3IR1E1PW1WVLL, M, English, 0, 25, 18, coffee maker, round, 50, 19.99, 0.25, 10, Steve, 
A3IR1E1PW1WVLL, M, English, 0, 25, 19, coffee maker, round, 100, 24.78, 0.575, 90, Terry, 
A3IR1E1PW1WVLL, M, English, 0, 25, 20, coffee maker, round, 200, 20, 0.1, 48, Victor, 
A3IR1E1PW1WVLL, M, English, 0, 25, 21, coffee maker, round, 500, 25, 0.75, 4, Albert, 
A3IR1E1PW1WVLL, M, English, 0, 25, 22, coffee maker, round, 1000, 10, 0.55, 96, Barry, 
A3IR1E1PW1WVLL, M, English, 0, 25, 23, coffee maker, round, 2000, 20, 0.65, 26, Cameron, 
A3IR1E1PW1WVLL, M, English, 0, 25, 24, coffee maker, round, 10000, 100, 0.15, 58, Darren, 
A3IR1E1PW1WVLL, M, English, 0, 25, 25, coffee maker, sharp, 21, 20, 0, 29, Eli, 
A3IR1E1PW1WVLL, M, English, 0, 25, 26, coffee maker, sharp, 51, 25, 0.25, 76, Felix, 
A3IR1E1PW1WVLL, M, English, 0, 25, 27, coffee maker, sharp, 101, 25, 0.1, 46, Gabe, 
A3IR1E1PW1WVLL, M, English, 0, 25, 28, coffee maker, sharp, 201, 20, 0.25, 25, Hal, 
A3IR1E1PW1WVLL, M, English, 0, 25, 29, coffee maker, sharp, 501, 52.01, 0.725, 77, Irvin, 
A3IR1E1PW1WVLL, M, English, 0, 25, 30, coffee maker, sharp, 1001, 25, 0.85, 16, Jerry, 
A3IR1E1PW1WVLL, M, English, 0, 25, 31, coffee maker, sharp, 2001, 11.11, 0.2, 86, Kenneth, 
A3IR1E1PW1WVLL, M, English, 0, 25, 32, coffee maker, sharp, 10001, 79.95, 0.675, 36, Larry, 
A3IR1E1PW1WVLL, M, English, 0, 25, 33, sweater, round, 20, 11.99, 0.65, 51, Martin, 
A3IR1E1PW1WVLL, M, English, 0, 25, 34, sweater, round, 50, 47.5, 0.25, 5, Nelson, 
A3IR1E1PW1WVLL, M, English, 0, 25, 35, sweater, round, 100, 100, 0.575, 32, Oscar, 
A3IR1E1PW1WVLL, M, English, 0, 25, 36, sweater, round, 200, 20, 0.275, 24, Perry, 
A3IR1E1PW1WVLL, M, English, 0, 25, 37, sweater, round, 500, 5, 0.025, 19, Ron, 
A3IR1E1PW1WVLL, M, English, 0, 25, 38, sweater, round, 1000, 10, 0.175, 42, Sam, 
A3IR1E1PW1WVLL, M, English, 0, 25, 39, sweater, round, 2000, 5.55, 0.875, 66, Ted, 
A3IR1E1PW1WVLL, M, English, 0, 25, 40, sweater, round, 10000, 100, 0.875, 87, Andrew, 
A3IR1E1PW1WVLL, M, English, 0, 25, 41, sweater, sharp, 21, 19.95, 0.25, 3, Bart, 
A3IR1E1PW1WVLL, M, English, 0, 25, 42, sweater, sharp, 51, 10.47, 0.175, 83, Corey, 
A3IR1E1PW1WVLL, M, English, 0, 25, 43, sweater, sharp, 101, 10.99, 0.225, 70, Don, 
A3IR1E1PW1WVLL, M, English, 0, 25, 44, sweater, sharp, 201, 20, 0.05, 92, Edward, 
A3IR1E1PW1WVLL, M, English, 0, 25, 45, sweater, sharp, 501, 50, 0.675, 57, Fred, 
A3IR1E1PW1WVLL, M, English, 0, 25, 46, sweater, sharp, 1001, 10, 0.175, 41, Garrett, 
A3IR1E1PW1WVLL, M, English, 0, 25, 47, sweater, sharp, 2001, 9.99, 0.1, 65, Henry, 
A3IR1E1PW1WVLL, M, English, 0, 25, 48, sweater, sharp, 10001, 100, 0.05, 43, Isaac, 
A3IR1E1PW1WVLL, M, English, 0, 25, 49, headphones, round, 20, 12.95, 0.5, 80, Jordan, 
A3IR1E1PW1WVLL, M, English, 0, 25, 50, headphones, round, 50, 25, 0.675, 82, Keith, 
A3IR1E1PW1WVLL, M, English, 0, 25, 51, headphones, round, 100, 10, 0.225, 20, Laurence , 
A3IR1E1PW1WVLL, M, English, 0, 25, 52, headphones, round, 200, 11.11, 0.725, 93, Matt, 
A3IR1E1PW1WVLL, M, English, 0, 25, 53, headphones, round, 500, 50, 0.4, 39, Norman, 
A3IR1E1PW1WVLL, M, English, 0, 25, 54, headphones, round, 1000, 19.99, 0.5, 1, Oliver, 
A3IR1E1PW1WVLL, M, English, 0, 25, 55, headphones, round, 2000, 49.95, 0.825, 37, Phillip, 
A3IR1E1PW1WVLL, M, English, 0, 25, 56, headphones, round, 10000, 1.25, 0, 6, Russell, 
A3IR1E1PW1WVLL, M, English, 0, 25, 57, headphones, sharp, 21, 9.99, 0.2, 72, Seth, 
A3IR1E1PW1WVLL, M, English, 0, 25, 58, headphones, sharp, 51, 5, 0.3, 8, Tim, 
A3IR1E1PW1WVLL, M, English, 0, 25, 59, headphones, sharp, 101, 10, 0.025, 47, Aaron, 
A3IR1E1PW1WVLL, M, English, 0, 25, 60, headphones, sharp, 201, 20, 0, 54, Ben, 
A3IR1E1PW1WVLL, M, English, 0, 25, 61, headphones, sharp, 501, 5.99, 0, 71, Cyrus, 
A3IR1E1PW1WVLL, M, English, 0, 25, 62, headphones, sharp, 1001, 10, 0.075, 63, Daniel, 
A3IR1E1PW1WVLL, M, English, 0, 25, 63, headphones, sharp, 2001, 20, 0, 73, Eric, 
A3IR1E1PW1WVLL, M, English, 0, 25, 64, headphones, sharp, 10001, 10, 0, 53, Chris, 
A3IR1E1PW1WVLL, M, English, 0, 25, 65, watch, round, 20, 20, 0.675, 56, Charles, 
A3IR1E1PW1WVLL, M, English, 0, 25, 66, watch, round, 50, 25, 0.275, 44, Brian, 
A3IR1E1PW1WVLL, M, English, 0, 25, 67, watch, round, 100, 75, 0.5, 13, Adam, 
A3IR1E1PW1WVLL, M, English, 0, 25, 68, watch, round, 200, 200, 0.875, 62, Michael, 
A3IR1E1PW1WVLL, M, English, 0, 25, 69, watch, round, 500, 24.97, 0.5, 79, James, 
A3IR1E1PW1WVLL, M, English, 0, 25, 70, watch, round, 1000, 10, 0, 68, John, 
A3IR1E1PW1WVLL, M, English, 0, 25, 71, watch, round, 2000, 100.25, 0.75, 11, Douglas, 
A3IR1E1PW1WVLL, M, English, 0, 25, 72, watch, round, 10000, 0.25, 0, 2, Justin, 
A3IR1E1PW1WVLL, M, English, 0, 25, 73, watch, sharp, 21, 20, 0.25, 12, Billy, 
A3IR1E1PW1WVLL, M, English, 0, 25, 74, watch, sharp, 51, 25, 0.325, 28, Howard, 
A3IR1E1PW1WVLL, M, English, 0, 25, 75, watch, sharp, 101, 100, 0.675, 35, Todd, 
A3IR1E1PW1WVLL, M, English, 0, 25, 76, watch, sharp, 201, 25.95, 0.3, 78, Alan, 
A3IR1E1PW1WVLL, M, English, 0, 25, 77, watch, sharp, 501, 4.99, 0, 49, Jeff, 
A3IR1E1PW1WVLL, M, English, 0, 25, 78, watch, sharp, 1001, 100, 0.75, 14, Ray, 
A3IR1E1PW1WVLL, M, English, 0, 25, 79, watch, sharp, 2001, 200, 0.9, 21, Tom, 
A3IR1E1PW1WVLL, M, English, 0, 25, 80, watch, sharp, 10001, 100, 0.825, 23, Rick, 
A3IR1E1PW1WVLL, M, English, 0, 25, 81, laptop, round, 20, 500, 1, 40, Ian, 
A3IR1E1PW1WVLL, M, English, 0, 25, 82, laptop, round, 50, 500, 1, 67, Kirk, 
A3IR1E1PW1WVLL, M, English, 0, 25, 83, laptop, round, 100, 50, 0.375, 18, Sean, 
A3IR1E1PW1WVLL, M, English, 0, 25, 84, laptop, round, 200, 200, 0.5, 22, Zach, 
A3IR1E1PW1WVLL, M, English, 0, 25, 85, laptop, round, 500, 300, 0.625, 38, Dean, 
A3IR1E1PW1WVLL, M, English, 0, 25, 86, laptop, round, 1000, 1000, 0.925, 95, Theodore, 
A3IR1E1PW1WVLL, M, English, 0, 25, 87, laptop, round, 2000, 200, 0.85, 30, Rodney, 
A3IR1E1PW1WVLL, M, English, 0, 25, 88, laptop, round, 10000, 11.11, 0.65, 85, Will, 
A3IR1E1PW1WVLL, M, English, 0, 25, 89, laptop, sharp, 21, 19.99, 0.175, 94, Jack, 
A3IR1E1PW1WVLL, M, English, 0, 25, 90, laptop, sharp, 51, 500, 1, 60, Roger, 
A3IR1E1PW1WVLL, M, English, 0, 25, 91, laptop, sharp, 101, 10, 0.625, 75, Greg, 
A3IR1E1PW1WVLL, M, English, 0, 25, 92, laptop, sharp, 201, 500, 1, 84, Scott, 
A3IR1E1PW1WVLL, M, English, 0, 25, 93, laptop, sharp, 501, 300, 0.7, 17, Joseph, 
A3IR1E1PW1WVLL, M, English, 0, 25, 94, laptop, sharp, 1001, 100, 0.1, 59, Richard, 
A3IR1E1PW1WVLL, M, English, 0, 25, 95, laptop, sharp, 2001, 200, 0.2, 50, Carl, 
A3IR1E1PW1WVLL, M, English, 0, 25, 96, laptop, sharp, 10001, 500, 0.925, 45, Leon, 
