workerID,gender,nativeLanguage,income,age,sentenceID,domain,numberType,utteredPrice,inferredPrice,probOpinion,order,buyer,roundedInferredPrice,inferredNumberType
A18ACKRAVMM8D8,M,English,0,25,80,watch,sharp,9999,9999,0.65,1,Rick,10000,
A18ACKRAVMM8D8,M,English,0,25,73,watch,sharp,17,17.99,0.225,2,Billy,20,
A18ACKRAVMM8D8,M,English,0,25,55,headphones,round,2000,1950.5,0.625,3,Phillip,1950,
A18ACKRAVMM8D8,M,English,0,25,88,laptop,round,10000,979.51,0.525,4,Will,980,
A18ACKRAVMM8D8,M,English,0,25,52,headphones,round,200,187.55,0.625,5,Matt,190,
A18ACKRAVMM8D8,M,English,0,25,96,laptop,sharp,10002,1002,0.825,6,Leon,1000,
A18ACKRAVMM8D8,M,English,0,25,51,headphones,round,100,102,0.425,7,Laurence,100,
A18ACKRAVMM8D8,M,English,0,25,85,laptop,round,500,479.51,0.25,8,Dean,480,
A18ACKRAVMM8D8,M,English,0,25,42,sweater,sharp,53,53,0.65,9,Corey,50,
A18ACKRAVMM8D8,M,English,0,25,1,electrickettle,round,20,17.99,0.4,10,Alex,20,
A18ACKRAVMM8D8,M,English,0,25,57,headphones,sharp,23,22.99,0.475,11,Seth,20,
A18ACKRAVMM8D8,M,English,0,25,46,sweater,sharp,998,998,0.925,12,Garrett,1000,
A18ACKRAVMM8D8,M,English,0,25,40,sweater,round,10000,10000,1,13,Andrew,10000,
A18ACKRAVMM8D8,M,English,0,25,5,electrickettle,round,500,480,0.65,14,Ed,480,
A18ACKRAVMM8D8,M,English,0,25,41,sweater,sharp,18,17.65,0.375,15,Bart,20,
A18ACKRAVMM8D8,M,English,0,25,67,watch,round,100,99,0.55,16,Adam,100,
A18ACKRAVMM8D8,M,English,0,25,92,laptop,sharp,197,196.99,0.15,17,Scott,200,
A18ACKRAVMM8D8,M,English,0,25,89,laptop,sharp,23,22.99,0.025,18,Jack,20,
A18ACKRAVMM8D8,M,English,0,25,14,electrickettle,sharp,1002,1001.78,0.75,19,Ned,1000,
A18ACKRAVMM8D8,M,English,0,25,54,headphones,round,1000,999.98,0.75,20,Oliver,1000,
A18ACKRAVMM8D8,M,English,0,25,91,laptop,sharp,103,102.48,0.375,21,Greg,100,
A18ACKRAVMM8D8,M,English,0,25,59,headphones,sharp,97,95.99,0.6,22,Aaron,100,
A18ACKRAVMM8D8,M,English,0,25,18,coffeemaker,round,50,45.65,0.45,23,Steve,50,
A18ACKRAVMM8D8,M,English,0,25,83,laptop,round,100,89.99,0.275,24,Sean,90,
A18ACKRAVMM8D8,M,English,0,25,33,sweater,round,20,18.99,0.175,25,Martin,20,
A18ACKRAVMM8D8,M,English,0,25,13,electrickettle,sharp,502,501.5,0.85,26,Mark,500,
A18ACKRAVMM8D8,M,English,0,25,70,watch,round,1000,980.2,0.725,27,John,980,
A18ACKRAVMM8D8,M,English,0,25,32,coffeemaker,sharp,10003,10001,0.925,28,Larry,10000,
A18ACKRAVMM8D8,M,English,0,25,4,electrickettle,round,200,187.51,0.65,29,Dave,190,
A18ACKRAVMM8D8,M,English,0,25,78,watch,sharp,1001,1000.99,0.825,30,Ray,1000,
A18ACKRAVMM8D8,M,English,0,25,66,watch,round,50,47.89,0.275,31,Brian,50,
A18ACKRAVMM8D8,M,English,0,25,94,laptop,sharp,998,995.99,0.725,32,Richard,1000,
A3RY7H1EBB4Z7B,M,English,4,25,36,sweater,round,200,200,0.725,1,Perry,200,
A3RY7H1EBB4Z7B,M,English,4,25,13,electrickettle,sharp,497,497,0.875,2,Mark,500,
A3RY7H1EBB4Z7B,M,English,4,25,47,sweater,sharp,2002,20.02,0.5,3,Henry,20,
A3RY7H1EBB4Z7B,M,English,4,25,89,laptop,sharp,22,22,0,4,Jack,20,
A3RY7H1EBB4Z7B,M,English,4,25,80,watch,sharp,9997,9997,0.95,5,Rick,10000,
A3RY7H1EBB4Z7B,M,English,4,25,31,coffeemaker,sharp,2003,2003,0.875,6,Kenneth,2000,
A3RY7H1EBB4Z7B,M,English,4,25,79,watch,sharp,1999,19.99,0.25,7,Tom,20,
A3RY7H1EBB4Z7B,M,English,4,25,3,electrickettle,round,100,100,0.25,8,Calvin,100,
A3RY7H1EBB4Z7B,M,English,4,25,28,coffeemaker,sharp,199,199,0.75,9,Hal,200,
A3RY7H1EBB4Z7B,M,English,4,25,42,sweater,sharp,53,53,0.575,10,Corey,50,
A3RY7H1EBB4Z7B,M,English,4,25,32,coffeemaker,sharp,10003,100.03,0.6,11,Larry,100,
A3RY7H1EBB4Z7B,M,English,4,25,91,laptop,sharp,97,97,0.125,12,Greg,100,
A3RY7H1EBB4Z7B,M,English,4,25,41,sweater,sharp,22,22,0.5,13,Bart,20,
A3RY7H1EBB4Z7B,M,English,4,25,7,electrickettle,round,2000,2000,0.75,14,George,2000,
A3RY7H1EBB4Z7B,M,English,4,25,60,headphones,sharp,201,201,0.55,15,Ben,200,
A3RY7H1EBB4Z7B,M,English,4,25,73,watch,sharp,19,19,0.225,16,Billy,20,
A3RY7H1EBB4Z7B,M,English,4,25,66,watch,round,50,50,0.5,17,Brian,50,
A3RY7H1EBB4Z7B,M,English,4,25,25,coffeemaker,sharp,17,17,0.175,18,Eli,20,
A3RY7H1EBB4Z7B,M,English,4,25,69,watch,round,500,500,0.625,19,James,500,
A3RY7H1EBB4Z7B,M,English,4,25,95,laptop,sharp,2001,2001,0.675,20,Carl,2000,
A3RY7H1EBB4Z7B,M,English,4,25,5,electrickettle,round,500,500,0.825,21,Ed,500,
A3RY7H1EBB4Z7B,M,English,4,25,27,coffeemaker,sharp,101,101,0.625,22,Gabe,100,
A3RY7H1EBB4Z7B,M,English,4,25,76,watch,sharp,202,202,0.55,23,Alan,200,
A3RY7H1EBB4Z7B,M,English,4,25,46,sweater,sharp,1002,10.02,0.5,24,Garrett,10,
A3RY7H1EBB4Z7B,M,English,4,25,63,headphones,sharp,1998,1998,0.9,25,Eric,2000,
A3RY7H1EBB4Z7B,M,English,4,25,83,laptop,round,100,100,0.175,26,Sean,100,
A3RY7H1EBB4Z7B,M,English,4,25,12,electrickettle,sharp,197,197,0.5,27,Luke,200,
A3RY7H1EBB4Z7B,M,English,4,25,20,coffeemaker,round,200,200,0.725,28,Victor,200,
A3RY7H1EBB4Z7B,M,English,4,25,75,watch,sharp,101,101,0.3,29,Todd,100,
A3RY7H1EBB4Z7B,M,English,4,25,11,electrickettle,sharp,97,97.09,0.175,30,Kevin,100,
A3RY7H1EBB4Z7B,M,English,4,25,30,coffeemaker,sharp,1002,1002,0.9,31,Jerry,1000,
A3RY7H1EBB4Z7B,M,English,4,25,29,coffeemaker,sharp,499,499,0.75,32,Irvin,500,
A34ZSF2JSRXIRP,F,english,8,35,50,headphones,round,50,50,0.5,1,Keith,50,
A34ZSF2JSRXIRP,F,english,8,35,32,coffeemaker,sharp,10002,300,0.75,2,Larry,300,
A34ZSF2JSRXIRP,F,english,8,35,72,watch,round,10000,5000,0.575,3,Justin,5000,
A34ZSF2JSRXIRP,F,english,8,35,86,laptop,round,1000,1000,0.5,4,Theodore,1000,
A34ZSF2JSRXIRP,F,english,8,35,78,watch,sharp,1003,1000,0.55,5,Ray,1000,
A34ZSF2JSRXIRP,F,english,8,35,61,headphones,sharp,498,490,0.625,6,Cyrus,490,
A34ZSF2JSRXIRP,F,english,8,35,16,electrickettle,sharp,9999,100,0.725,7,Paul,100,
A34ZSF2JSRXIRP,F,english,8,35,3,electrickettle,round,100,100,0.5,8,Calvin,100,
A34ZSF2JSRXIRP,F,english,8,35,88,laptop,round,10000,4000,0.75,9,Will,4000,
A34ZSF2JSRXIRP,F,english,8,35,73,watch,sharp,19,19,0.25,10,Billy,20,
A34ZSF2JSRXIRP,F,english,8,35,21,coffeemaker,round,500,450,0.575,11,Albert,450,
A34ZSF2JSRXIRP,F,english,8,35,89,laptop,sharp,23,230,0.25,12,Jack,230,
A34ZSF2JSRXIRP,F,english,8,35,48,sweater,sharp,9998,150,0.725,13,Isaac,150,
A34ZSF2JSRXIRP,F,english,8,35,26,coffeemaker,sharp,53,53,0.35,14,Felix,50,
A34ZSF2JSRXIRP,F,english,8,35,13,electrickettle,sharp,502,100,0.625,15,Mark,100,
A34ZSF2JSRXIRP,F,english,8,35,64,headphones,sharp,10001,100.01,0.575,16,Chris,100,
A34ZSF2JSRXIRP,F,english,8,35,33,sweater,round,20,20,0.325,17,Martin,20,
A34ZSF2JSRXIRP,F,english,8,35,79,watch,sharp,2001,2000,0.65,18,Tom,2000,
A34ZSF2JSRXIRP,F,english,8,35,44,sweater,sharp,203,200,0.625,19,Edward,200,
A34ZSF2JSRXIRP,F,english,8,35,23,coffeemaker,round,2000,400,0.75,20,Cameron,400,
A34ZSF2JSRXIRP,F,english,8,35,92,laptop,sharp,197,200,0.25,21,Scott,200,
A34ZSF2JSRXIRP,F,english,8,35,91,laptop,sharp,101,101,0.25,22,Greg,100,
A34ZSF2JSRXIRP,F,english,8,35,96,laptop,sharp,9997,1200,0.75,23,Leon,1200,
A34ZSF2JSRXIRP,F,english,8,35,34,sweater,round,50,50,0.5,24,Nelson,50,
A34ZSF2JSRXIRP,F,english,8,35,27,coffeemaker,sharp,97,97,0.5,25,Gabe,100,
A34ZSF2JSRXIRP,F,english,8,35,74,watch,sharp,52,52,0.35,26,Howard,50,
A34ZSF2JSRXIRP,F,english,8,35,93,laptop,sharp,497,497,0.525,27,Joseph,500,
A34ZSF2JSRXIRP,F,english,8,35,82,laptop,round,50,200,0.15,28,Kirk,200,
A34ZSF2JSRXIRP,F,english,8,35,69,watch,round,500,500,0.525,29,James,500,
A34ZSF2JSRXIRP,F,english,8,35,24,coffeemaker,round,10000,500,0.725,30,Darren,500,
A34ZSF2JSRXIRP,F,english,8,35,65,watch,round,20,20,0.275,31,Charles,20,
A34ZSF2JSRXIRP,F,english,8,35,66,watch,round,50,50,0.425,32,Brian,50,
A28L1K6D8QUCML,F,english,4,45,64,headphones,sharp,9997,9997,0.975,1,Chris,10000,
A28L1K6D8QUCML,F,english,4,45,35,sweater,round,100,100,0.75,2,Oscar,100,
A28L1K6D8QUCML,F,english,4,45,40,sweater,round,10000,10000,1,3,Andrew,10000,
A28L1K6D8QUCML,F,english,4,45,47,sweater,sharp,2001,2001,1,4,Henry,2000,
A28L1K6D8QUCML,F,english,4,45,37,sweater,round,500,500,0.75,5,Ron,500,
A28L1K6D8QUCML,F,english,4,45,7,electrickettle,round,2000,2000,1,6,George,2000,
A28L1K6D8QUCML,F,english,4,45,63,headphones,sharp,1997,1997,0.975,7,Eric,2000,
A28L1K6D8QUCML,F,english,4,45,18,coffeemaker,round,50,50,0.25,8,Steve,50,
A28L1K6D8QUCML,F,english,4,45,32,coffeemaker,sharp,9999,9999,1,9,Larry,10000,
A28L1K6D8QUCML,F,english,4,45,3,electrickettle,round,100,100,0.5,10,Calvin,100,
A28L1K6D8QUCML,F,english,4,45,34,sweater,round,50,50,0.25,11,Nelson,50,
A28L1K6D8QUCML,F,english,4,45,1,electrickettle,round,20,20,0.025,12,Alex,20,
A28L1K6D8QUCML,F,english,4,45,65,watch,round,20,20,0.025,13,Charles,20,
A28L1K6D8QUCML,F,english,4,45,87,laptop,round,2000,2000,0.5,14,Rodney,2000,
A28L1K6D8QUCML,F,english,4,45,36,sweater,round,200,200,0.75,15,Perry,200,
A28L1K6D8QUCML,F,english,4,45,69,watch,round,500,500,0.75,16,James,500,
A28L1K6D8QUCML,F,english,4,45,52,headphones,round,200,200,0.75,17,Matt,200,
A28L1K6D8QUCML,F,english,4,45,44,sweater,sharp,202,202,0.75,18,Edward,200,
A28L1K6D8QUCML,F,english,4,45,88,laptop,round,10000,10000,1,19,Will,10000,
A28L1K6D8QUCML,F,english,4,45,53,headphones,round,500,500,0.975,20,Norman,500,
A28L1K6D8QUCML,F,english,4,45,78,watch,sharp,1003,1003,0.75,21,Ray,1000,
A28L1K6D8QUCML,F,english,4,45,24,coffeemaker,round,10000,10000,1,22,Darren,10000,
A28L1K6D8QUCML,F,english,4,45,26,coffeemaker,sharp,48,48,0.5,23,Felix,50,
A28L1K6D8QUCML,F,english,4,45,80,watch,sharp,10001,10001,1,24,Rick,10000,
A28L1K6D8QUCML,F,english,4,45,77,watch,sharp,498,498,0.75,25,Jeff,500,
A28L1K6D8QUCML,F,english,4,45,68,watch,round,200,200,0.5,26,Michael,200,
A28L1K6D8QUCML,F,english,4,45,46,sweater,sharp,998,998,0.775,27,Garrett,1000,
A28L1K6D8QUCML,F,english,4,45,49,headphones,round,20,20,0.025,28,Jordan,20,
A28L1K6D8QUCML,F,english,4,45,73,watch,sharp,23,23,0.1,29,Billy,20,
A28L1K6D8QUCML,F,english,4,45,67,watch,round,100,100,0.5,30,Adam,100,
A28L1K6D8QUCML,F,english,4,45,25,coffeemaker,sharp,21,21,0.05,31,Eli,20,
A28L1K6D8QUCML,F,english,4,45,30,coffeemaker,sharp,999,999,0.75,32,Jerry,1000,
A3UOK7WMVFVHHE,M,english,6,25,63,headphones,sharp,2001,2001,0.125,1,Eric,2000,
A3UOK7WMVFVHHE,M,english,6,25,84,laptop,round,200,200,0.125,2,Zach,200,
A3UOK7WMVFVHHE,M,english,6,25,3,electrickettle,round,100,100,0.225,3,Calvin,100,
A3UOK7WMVFVHHE,M,english,6,25,57,headphones,sharp,22,22,0.25,4,Seth,20,
A3UOK7WMVFVHHE,M,english,6,25,2,electrickettle,round,50,50,0.25,5,Bob,50,
A3UOK7WMVFVHHE,M,english,6,25,39,sweater,round,2000,2000,0.25,6,Ted,2000,
A3UOK7WMVFVHHE,M,english,6,25,56,headphones,round,10000,10000,0.25,7,Russell,10000,
A3UOK7WMVFVHHE,M,english,6,25,61,headphones,sharp,497,497,0.25,8,Cyrus,500,
A3UOK7WMVFVHHE,M,english,6,25,51,headphones,round,100,100,0.25,9,Laurence,100,
A3UOK7WMVFVHHE,M,english,6,25,18,coffeemaker,round,50,50,0.25,10,Steve,50,
A3UOK7WMVFVHHE,M,english,6,25,46,sweater,sharp,997,997,0.25,11,Garrett,1000,
A3UOK7WMVFVHHE,M,english,6,25,94,laptop,sharp,1003,1003,0.2,12,Richard,1000,
A3UOK7WMVFVHHE,M,english,6,25,85,laptop,round,500,500,0.25,13,Dean,500,
A3UOK7WMVFVHHE,M,english,6,25,55,headphones,round,2000,2000,0.3,14,Phillip,2000,
A3UOK7WMVFVHHE,M,english,6,25,23,coffeemaker,round,2000,2000,0.375,15,Cameron,2000,
A3UOK7WMVFVHHE,M,english,6,25,59,headphones,sharp,101,101,0.275,16,Aaron,100,
A3UOK7WMVFVHHE,M,english,6,25,43,sweater,sharp,98,98,0.275,17,Don,100,
A3UOK7WMVFVHHE,M,english,6,25,81,laptop,round,20,20,0.275,18,Ian,20,
A3UOK7WMVFVHHE,M,english,6,25,6,electrickettle,round,1000,1000,0.25,19,Frank,1000,
A3UOK7WMVFVHHE,M,english,6,25,20,coffeemaker,round,200,200,0.325,20,Victor,200,
A3UOK7WMVFVHHE,M,english,6,25,9,electrickettle,sharp,23,23,0.325,21,Ivan,20,
A3UOK7WMVFVHHE,M,english,6,25,19,coffeemaker,round,100,100,0.4,22,Terry,100,
A3UOK7WMVFVHHE,M,english,6,25,34,sweater,round,50,50,0.375,23,Nelson,50,
A3UOK7WMVFVHHE,M,english,6,25,83,laptop,round,100,100,0.4,24,Sean,100,
A3UOK7WMVFVHHE,M,english,6,25,52,headphones,round,200,200,0.4,25,Matt,200,
A3UOK7WMVFVHHE,M,english,6,25,72,watch,round,10000,10000,0.475,26,Justin,10000,
A3UOK7WMVFVHHE,M,english,6,25,73,watch,sharp,22,22,0.4,27,Billy,20,
A3UOK7WMVFVHHE,M,english,6,25,67,watch,round,100,100,0.375,28,Adam,100,
A3UOK7WMVFVHHE,M,english,6,25,62,headphones,sharp,997,997,0.4,29,Daniel,1000,
A3UOK7WMVFVHHE,M,english,6,25,60,headphones,sharp,203,203,0.4,30,Ben,200,
A3UOK7WMVFVHHE,M,english,6,25,95,laptop,sharp,1999,1999,0.35,31,Carl,2000,
A3UOK7WMVFVHHE,M,english,6,25,69,watch,round,500,500,0.35,32,James,500,
A1Y3VYHOYKZ1D7,M,english,4,17,43,sweater,sharp,97,97,0.75,1,Don,100,
A1Y3VYHOYKZ1D7,M,english,4,17,18,coffeemaker,round,50,50,0.5,2,Steve,50,
A1Y3VYHOYKZ1D7,M,english,4,17,15,electrickettle,sharp,1998,1998,1,3,Owen,2000,
A1Y3VYHOYKZ1D7,M,english,4,17,61,headphones,sharp,498,498,0.975,4,Cyrus,500,
A1Y3VYHOYKZ1D7,M,english,4,17,78,watch,sharp,999,999,1,5,Ray,1000,
A1Y3VYHOYKZ1D7,M,english,4,17,28,coffeemaker,sharp,197,197,1,6,Hal,200,
A1Y3VYHOYKZ1D7,M,english,4,17,55,headphones,round,2000,2000,1,7,Phillip,2000,
A1Y3VYHOYKZ1D7,M,english,4,17,54,headphones,round,1000,1000,1,8,Oliver,1000,
A1Y3VYHOYKZ1D7,M,english,4,17,68,watch,round,200,200,0.5,9,Michael,200,
A1Y3VYHOYKZ1D7,M,english,4,17,83,laptop,round,100,100,0.025,10,Sean,100,
A1Y3VYHOYKZ1D7,M,english,4,17,25,coffeemaker,sharp,19,10,0.25,11,Eli,10,
A1Y3VYHOYKZ1D7,M,english,4,17,36,sweater,round,200,200,1,12,Perry,200,
A1Y3VYHOYKZ1D7,M,english,4,17,52,headphones,round,200,200,0.75,13,Matt,200,
A1Y3VYHOYKZ1D7,M,english,4,17,96,laptop,sharp,10003,10003,0.975,14,Leon,10000,
A1Y3VYHOYKZ1D7,M,english,4,17,62,headphones,sharp,1002,1002,0.975,15,Daniel,1000,
A1Y3VYHOYKZ1D7,M,english,4,17,33,sweater,round,20,20,0.25,16,Martin,20,
A1Y3VYHOYKZ1D7,M,english,4,17,24,coffeemaker,round,10000,10000,0.975,17,Darren,10000,
A1Y3VYHOYKZ1D7,M,english,4,17,41,sweater,sharp,18,18,0.2,18,Bart,20,
A1Y3VYHOYKZ1D7,M,english,4,17,46,sweater,sharp,998,998,0.975,19,Garrett,1000,
A1Y3VYHOYKZ1D7,M,english,4,17,20,coffeemaker,round,200,200,0.725,20,Victor,200,
A1Y3VYHOYKZ1D7,M,english,4,17,77,watch,sharp,499,499,0.75,21,Jeff,500,
A1Y3VYHOYKZ1D7,M,english,4,17,58,headphones,sharp,49,49,0.325,22,Tim,50,
A1Y3VYHOYKZ1D7,M,english,4,17,92,laptop,sharp,198,198,0,23,Scott,200,
A1Y3VYHOYKZ1D7,M,english,4,17,67,watch,round,100,100,0,24,Adam,100,
A1Y3VYHOYKZ1D7,M,english,4,17,21,coffeemaker,round,500,500,0.025,25,Albert,500,
A1Y3VYHOYKZ1D7,M,english,4,17,65,watch,round,20,20,0,26,Charles,20,
A1Y3VYHOYKZ1D7,M,english,4,17,2,electrickettle,round,50,50,0,27,Bob,50,
A1Y3VYHOYKZ1D7,M,english,4,17,13,electrickettle,sharp,498,498,0,28,Mark,500,
A1Y3VYHOYKZ1D7,M,english,4,17,1,electrickettle,round,20,20,0.025,29,Alex,20,
A1Y3VYHOYKZ1D7,M,english,4,17,26,coffeemaker,sharp,52,52,0.025,30,Felix,50,
A1Y3VYHOYKZ1D7,M,english,4,17,10,electrickettle,sharp,49,49,0,31,Jake,50,
A1Y3VYHOYKZ1D7,M,english,4,17,6,electrickettle,round,1000,1000,0,32,Frank,1000,
A25CAT0W9W97Z8,M,english,4,35,15,electrickettle,sharp,2001,100,1,1,Owen,100,
A25CAT0W9W97Z8,M,english,4,35,19,coffeemaker,round,100,75,0.75,2,Terry,80,
A25CAT0W9W97Z8,M,english,4,35,26,coffeemaker,sharp,51,51,0.125,3,Felix,50,
A25CAT0W9W97Z8,M,english,4,35,77,watch,sharp,503,502.99,0.25,4,Jeff,500,
A25CAT0W9W97Z8,M,english,4,35,38,sweater,round,1000,49.99,1,5,Sam,50,
A25CAT0W9W97Z8,M,english,4,35,89,laptop,sharp,21,300,0,6,Jack,300,
A25CAT0W9W97Z8,M,english,4,35,17,coffeemaker,round,20,20,0.175,7,Ryan,20,
A25CAT0W9W97Z8,M,english,4,35,63,headphones,sharp,1997,40,1,8,Eric,40,
A25CAT0W9W97Z8,M,english,4,35,25,coffeemaker,sharp,18,18,0.05,9,Eli,20,
A25CAT0W9W97Z8,M,english,4,35,95,laptop,sharp,1998,800,0.875,10,Carl,800,
A25CAT0W9W97Z8,M,english,4,35,73,watch,sharp,17,17,0.125,11,Billy,20,
A25CAT0W9W97Z8,M,english,4,35,7,electrickettle,round,2000,50,1,12,George,50,
A25CAT0W9W97Z8,M,english,4,35,86,laptop,round,1000,1000,0.5,13,Theodore,1000,
A25CAT0W9W97Z8,M,english,4,35,34,sweater,round,50,50,0.25,14,Nelson,50,
A25CAT0W9W97Z8,M,english,4,35,2,electrickettle,round,50,50,0.05,15,Bob,50,
A25CAT0W9W97Z8,M,english,4,35,23,coffeemaker,round,2000,25,1,16,Cameron,30,
A25CAT0W9W97Z8,M,english,4,35,16,electrickettle,sharp,9998,70,1,17,Paul,70,
A25CAT0W9W97Z8,M,english,4,35,24,coffeemaker,round,10000,100,1,18,Darren,100,
A25CAT0W9W97Z8,M,english,4,35,21,coffeemaker,round,500,50,1,19,Albert,50,
A25CAT0W9W97Z8,M,english,4,35,52,headphones,round,200,50,0.9,20,Matt,50,
A25CAT0W9W97Z8,M,english,4,35,49,headphones,round,20,20,0.125,21,Jordan,20,
A25CAT0W9W97Z8,M,english,4,35,33,sweater,round,20,20,0.25,22,Martin,20,
A25CAT0W9W97Z8,M,english,4,35,65,watch,round,20,20,0.125,23,Charles,20,
A25CAT0W9W97Z8,M,english,4,35,81,laptop,round,20,300,0.025,24,Ian,300,
A25CAT0W9W97Z8,M,english,4,35,88,laptop,round,10000,1000,0.975,25,Will,1000,
A25CAT0W9W97Z8,M,english,4,35,48,sweater,sharp,9997,75,1,26,Isaac,80,
A25CAT0W9W97Z8,M,english,4,35,94,laptop,sharp,1001,1001,0.5,27,Richard,1000,
A25CAT0W9W97Z8,M,english,4,35,66,watch,round,50,50,0.475,28,Brian,50,
A25CAT0W9W97Z8,M,english,4,35,87,laptop,round,2000,2000,0.75,29,Rodney,2000,
A25CAT0W9W97Z8,M,english,4,35,74,watch,sharp,53,53,0.55,30,Howard,50,
A25CAT0W9W97Z8,M,english,4,35,96,laptop,sharp,10002,1000,1,31,Leon,1000,
A25CAT0W9W97Z8,M,english,4,35,50,headphones,round,50,50,0.625,32,Keith,50,
A3RWGA5U2C08RV,F,English,8,55,65,watch,round,20,20,0.2,1,Charles,20,
A3RWGA5U2C08RV,F,English,8,55,39,sweater,round,2000,50,0.75,2,Ted,50,
A3RWGA5U2C08RV,F,English,8,55,52,headphones,round,200,200,0.6,3,Matt,200,
A3RWGA5U2C08RV,F,English,8,55,93,laptop,sharp,497,500,0.425,4,Joseph,500,
A3RWGA5U2C08RV,F,English,8,55,95,laptop,sharp,2003,800,0.875,5,Carl,800,
A3RWGA5U2C08RV,F,English,8,55,58,headphones,sharp,49,50,0.325,6,Tim,50,
A3RWGA5U2C08RV,F,English,8,55,94,laptop,sharp,1003,1003,0.625,7,Richard,1000,
A3RWGA5U2C08RV,F,English,8,55,41,sweater,sharp,22,22,0.175,8,Bart,20,
A3RWGA5U2C08RV,F,English,8,55,48,sweater,sharp,10003,75,0.875,9,Isaac,80,
A3RWGA5U2C08RV,F,English,8,55,67,watch,round,100,100,0.55,10,Adam,100,
A3RWGA5U2C08RV,F,English,8,55,68,watch,round,200,200,0.525,11,Michael,200,
A3RWGA5U2C08RV,F,English,8,55,31,coffeemaker,sharp,1997,197,0.8,12,Kenneth,200,
A3RWGA5U2C08RV,F,English,8,55,75,watch,sharp,98,98,0.45,13,Todd,100,
A3RWGA5U2C08RV,F,English,8,55,40,sweater,round,10000,100,0.875,14,Andrew,100,
A3RWGA5U2C08RV,F,English,8,55,59,headphones,sharp,99,99,0.375,15,Aaron,100,
A3RWGA5U2C08RV,F,English,8,55,32,coffeemaker,sharp,10002,202,0.875,16,Larry,200,
A3RWGA5U2C08RV,F,English,8,55,51,headphones,round,100,100,0.525,17,Laurence,100,
A3RWGA5U2C08RV,F,English,8,55,66,watch,round,50,50,0.125,18,Brian,50,
A3RWGA5U2C08RV,F,English,8,55,5,electrickettle,round,500,75,0.95,19,Ed,80,
A3RWGA5U2C08RV,F,English,8,55,49,headphones,round,20,20,0.275,20,Jordan,20,
A3RWGA5U2C08RV,F,English,8,55,96,laptop,sharp,9998,999,0.95,21,Leon,1000,
A3RWGA5U2C08RV,F,English,8,55,54,headphones,round,1000,100,0.975,22,Oliver,100,
A3RWGA5U2C08RV,F,English,8,55,76,watch,sharp,198,198,0.275,23,Alan,200,
A3RWGA5U2C08RV,F,English,8,55,10,electrickettle,sharp,49,49,0.35,24,Jake,50,
A3RWGA5U2C08RV,F,English,8,55,79,watch,sharp,1997,197,0.85,25,Tom,200,
A3RWGA5U2C08RV,F,English,8,55,7,electrickettle,round,2000,50,0.925,26,George,50,
A3RWGA5U2C08RV,F,English,8,55,85,laptop,round,500,500,0.45,27,Dean,500,
A3RWGA5U2C08RV,F,English,8,55,22,coffeemaker,round,1000,100,0.925,28,Barry,100,
A3RWGA5U2C08RV,F,English,8,55,24,coffeemaker,round,10000,100,0.975,29,Darren,100,
A3RWGA5U2C08RV,F,English,8,55,84,laptop,round,200,300,0.125,30,Zach,300,
A3RWGA5U2C08RV,F,English,8,55,8,electrickettle,round,10000,100,0.975,31,Harry,100,
A3RWGA5U2C08RV,F,English,8,55,30,coffeemaker,sharp,1003,100,1,32,Jerry,100,
A248LF7KKHXZ14,F,english,11,45,78,watch,sharp,1003,1002.99,0.25,1,Ray,1000,
A248LF7KKHXZ14,F,english,11,45,29,coffeemaker,sharp,499,499,0.25,2,Irvin,500,
A248LF7KKHXZ14,F,english,11,45,40,sweater,round,10000,10000,0.25,3,Andrew,10000,
A248LF7KKHXZ14,F,english,11,45,14,electrickettle,sharp,1001,1001,0.25,4,Ned,1000,
A248LF7KKHXZ14,F,english,11,45,16,electrickettle,sharp,10002,10002,0.25,5,Paul,10000,
A248LF7KKHXZ14,F,english,11,45,8,electrickettle,round,10000,9999.99,0.225,6,Harry,10000,
A248LF7KKHXZ14,F,english,11,45,13,electrickettle,sharp,497,497,0.25,7,Mark,500,
A248LF7KKHXZ14,F,english,11,45,81,laptop,round,20,19.99,0,8,Ian,20,
A248LF7KKHXZ14,F,english,11,45,50,headphones,round,50,50,0.025,9,Keith,50,
A248LF7KKHXZ14,F,english,11,45,27,coffeemaker,sharp,99,98.99,0.25,10,Gabe,100,
A248LF7KKHXZ14,F,english,11,45,10,electrickettle,sharp,52,52,0,11,Jake,50,
A248LF7KKHXZ14,F,english,11,45,80,watch,sharp,9999,9998.99,0.5,12,Rick,10000,
A248LF7KKHXZ14,F,english,11,45,5,electrickettle,round,500,500,0.5,13,Ed,500,
A248LF7KKHXZ14,F,english,11,45,85,laptop,round,500,499.99,0.5,14,Dean,500,
A248LF7KKHXZ14,F,english,11,45,25,coffeemaker,sharp,18,17.99,0.025,15,Eli,20,
A248LF7KKHXZ14,F,english,11,45,20,coffeemaker,round,200,199.99,0.275,16,Victor,200,
A248LF7KKHXZ14,F,english,11,45,37,sweater,round,500,500,0.5,17,Ron,500,
A248LF7KKHXZ14,F,english,11,45,48,sweater,sharp,10001,10001,0.25,18,Isaac,10000,
A248LF7KKHXZ14,F,english,11,45,6,electrickettle,round,1000,999.99,0.275,19,Frank,1000,
A248LF7KKHXZ14,F,english,11,45,83,laptop,round,100,99.99,0.025,20,Sean,100,
A248LF7KKHXZ14,F,english,11,45,65,watch,round,20,19.99,0.05,21,Charles,20,
A248LF7KKHXZ14,F,english,11,45,90,laptop,sharp,47,47,0.025,22,Roger,50,
A248LF7KKHXZ14,F,english,11,45,51,headphones,round,100,99.99,0.2,23,Laurence,100,
A248LF7KKHXZ14,F,english,11,45,67,watch,round,100,99.99,0.1,24,Adam,100,
A248LF7KKHXZ14,F,english,11,45,84,laptop,round,200,199.99,0.175,25,Zach,200,
A248LF7KKHXZ14,F,english,11,45,56,headphones,round,10000,9999.99,0.5,26,Russell,10000,
A248LF7KKHXZ14,F,english,11,45,31,coffeemaker,sharp,2003,2003,0.725,27,Kenneth,2000,
A248LF7KKHXZ14,F,english,11,45,76,watch,sharp,202,202,0.25,28,Alan,200,
A248LF7KKHXZ14,F,english,11,45,39,sweater,round,2000,2000,0.525,29,Ted,2000,
A248LF7KKHXZ14,F,english,11,45,53,headphones,round,500,500,0.375,30,Norman,500,
A248LF7KKHXZ14,F,english,11,45,96,laptop,sharp,9998,9998,0.5,31,Leon,10000,
A248LF7KKHXZ14,F,english,11,45,15,electrickettle,sharp,2002,2002,0.55,32,Owen,2000,
AETIZKQNUSBLB,M,english,4,25,21,coffeemaker,round,500,100,0.75,1,Albert,100,
AETIZKQNUSBLB,M,english,4,25,68,watch,round,200,200,0.25,2,Michael,200,
AETIZKQNUSBLB,M,english,4,25,5,electrickettle,round,500,50,1,3,Ed,50,
AETIZKQNUSBLB,M,english,4,25,12,electrickettle,sharp,201,100,0.75,4,Luke,100,
AETIZKQNUSBLB,M,english,4,25,94,laptop,sharp,1002,1002,0.25,5,Richard,1000,
AETIZKQNUSBLB,M,english,4,25,55,headphones,round,2000,200,1,6,Phillip,200,
AETIZKQNUSBLB,M,english,4,25,26,coffeemaker,sharp,52,52,0.225,7,Felix,50,
AETIZKQNUSBLB,M,english,4,25,34,sweater,round,50,50,0.25,8,Nelson,50,
AETIZKQNUSBLB,M,english,4,25,15,electrickettle,sharp,2003,100,1,9,Owen,100,
AETIZKQNUSBLB,M,english,4,25,70,watch,round,1000,1000,0.35,10,John,1000,
AETIZKQNUSBLB,M,english,4,25,16,electrickettle,sharp,9997,100,1,11,Paul,100,
AETIZKQNUSBLB,M,english,4,25,30,coffeemaker,sharp,997,150,1,12,Jerry,150,
AETIZKQNUSBLB,M,english,4,25,3,electrickettle,round,100,100,0.25,13,Calvin,100,
AETIZKQNUSBLB,M,english,4,25,56,headphones,round,10000,100,1,14,Russell,100,
AETIZKQNUSBLB,M,english,4,25,71,watch,round,2000,500,1,15,Douglas,500,
AETIZKQNUSBLB,M,english,4,25,18,coffeemaker,round,50,50,0.2,16,Steve,50,
AETIZKQNUSBLB,M,english,4,25,22,coffeemaker,round,1000,150,1,17,Barry,150,
AETIZKQNUSBLB,M,english,4,25,64,headphones,sharp,10001,150,0.95,18,Chris,150,
AETIZKQNUSBLB,M,english,4,25,57,headphones,sharp,23,23,0.175,19,Seth,20,
AETIZKQNUSBLB,M,english,4,25,63,headphones,sharp,1997,150,0.9,20,Eric,150,
AETIZKQNUSBLB,M,english,4,25,80,watch,sharp,10003,1003,0.35,21,Rick,1000,
AETIZKQNUSBLB,M,english,4,25,72,watch,round,10000,350,0.825,22,Justin,350,
AETIZKQNUSBLB,M,english,4,25,13,electrickettle,sharp,497,100,0.8,23,Mark,100,
AETIZKQNUSBLB,M,english,4,25,37,sweater,round,500,100,0.65,24,Ron,100,
AETIZKQNUSBLB,M,english,4,25,2,electrickettle,round,50,50,0.2,25,Bob,50,
AETIZKQNUSBLB,M,english,4,25,92,laptop,sharp,197,197,0.125,26,Scott,200,
AETIZKQNUSBLB,M,english,4,25,66,watch,round,50,50,0.175,27,Brian,50,
AETIZKQNUSBLB,M,english,4,25,52,headphones,round,200,200,0.2,28,Matt,200,
AETIZKQNUSBLB,M,english,4,25,54,headphones,round,1000,100,0.775,29,Oliver,100,
AETIZKQNUSBLB,M,english,4,25,19,coffeemaker,round,100,100,0.225,30,Terry,100,
AETIZKQNUSBLB,M,english,4,25,61,headphones,sharp,497,150,0.8,31,Cyrus,150,
AETIZKQNUSBLB,M,english,4,25,69,watch,round,500,500,0.775,32,James,500,
A37WXDYYT7RCZ0,M,English,4,35,52,headphones,round,200,200,0.5,1,Matt,200,
A37WXDYYT7RCZ0,M,English,4,35,67,watch,round,100,100,0.5,2,Adam,100,
A37WXDYYT7RCZ0,M,English,4,35,35,sweater,round,100,100,0.5,3,Oscar,100,
A37WXDYYT7RCZ0,M,English,4,35,79,watch,sharp,2001,2001,0.75,4,Tom,2000,
A37WXDYYT7RCZ0,M,English,4,35,28,coffeemaker,sharp,203,203,0.7,5,Hal,200,
A37WXDYYT7RCZ0,M,English,4,35,7,electrickettle,round,2000,2000,0.75,6,George,2000,
A37WXDYYT7RCZ0,M,English,4,35,48,sweater,sharp,9997,10,0.5,7,Isaac,10,
A37WXDYYT7RCZ0,M,English,4,35,15,electrickettle,sharp,2003,2003,0.75,8,Owen,2000,
A37WXDYYT7RCZ0,M,English,4,35,77,watch,sharp,499,499,0.525,9,Jeff,500,
A37WXDYYT7RCZ0,M,English,4,35,37,sweater,round,500,500,0.5,10,Ron,500,
A37WXDYYT7RCZ0,M,English,4,35,12,electrickettle,sharp,197,197,0.5,11,Luke,200,
A37WXDYYT7RCZ0,M,English,4,35,10,electrickettle,sharp,49,49,0.5,12,Jake,50,
A37WXDYYT7RCZ0,M,English,4,35,73,watch,sharp,18,18,0.5,13,Billy,20,
A37WXDYYT7RCZ0,M,English,4,35,89,laptop,sharp,18,18,0.5,14,Jack,20,
A37WXDYYT7RCZ0,M,English,4,35,69,watch,round,500,500,0.5,15,James,500,
A37WXDYYT7RCZ0,M,English,4,35,74,watch,sharp,51,51,0.5,16,Howard,50,
A37WXDYYT7RCZ0,M,English,4,35,38,sweater,round,1000,1000,0.5,17,Sam,1000,
A37WXDYYT7RCZ0,M,English,4,35,53,headphones,round,500,500,0.5,18,Norman,500,
A37WXDYYT7RCZ0,M,English,4,35,14,electrickettle,sharp,997,997,0.5,19,Ned,1000,
A37WXDYYT7RCZ0,M,English,4,35,27,coffeemaker,sharp,97,97,0.5,20,Gabe,100,
A37WXDYYT7RCZ0,M,English,4,35,65,watch,round,20,20,0.475,21,Charles,20,
A37WXDYYT7RCZ0,M,English,4,35,66,watch,round,50,50,0.5,22,Brian,50,
A37WXDYYT7RCZ0,M,English,4,35,36,sweater,round,200,200,0.5,23,Perry,200,
A37WXDYYT7RCZ0,M,English,4,35,26,coffeemaker,sharp,47,47,0.5,24,Felix,50,
A37WXDYYT7RCZ0,M,English,4,35,39,sweater,round,2000,2000,0.5,25,Ted,2000,
A37WXDYYT7RCZ0,M,English,4,35,16,electrickettle,sharp,9998,9998,0.5,26,Paul,10000,
A37WXDYYT7RCZ0,M,English,4,35,76,watch,sharp,198,198,0.5,27,Alan,200,
A37WXDYYT7RCZ0,M,English,4,35,51,headphones,round,100,100,0.5,28,Laurence,100,
A37WXDYYT7RCZ0,M,English,4,35,54,headphones,round,1000,1000,0.5,29,Oliver,1000,
A37WXDYYT7RCZ0,M,English,4,35,24,coffeemaker,round,10000,10,0.5,30,Darren,10,
A37WXDYYT7RCZ0,M,English,4,35,43,sweater,sharp,102,102,0.5,31,Don,100,
A37WXDYYT7RCZ0,M,English,4,35,3,electrickettle,round,100,100,0.5,32,Calvin,100,
A3TBA7X9EF16W6,F,English,4,35,94,laptop,sharp,1001,1001,0.25,1,Richard,1000,
A3TBA7X9EF16W6,F,English,4,35,33,sweater,round,20,20,0.25,2,Martin,20,
A3TBA7X9EF16W6,F,English,4,35,40,sweater,round,10000,100,0.975,3,Andrew,100,
A3TBA7X9EF16W6,F,English,4,35,84,laptop,round,200,200,0.125,4,Zach,200,
A3TBA7X9EF16W6,F,English,4,35,35,sweater,round,100,100,0.5,5,Oscar,100,
A3TBA7X9EF16W6,F,English,4,35,70,watch,round,1000,1000,0.75,6,John,1000,
A3TBA7X9EF16W6,F,English,4,35,31,coffeemaker,sharp,2001,50,0.85,7,Kenneth,50,
A3TBA7X9EF16W6,F,English,4,35,93,laptop,sharp,499,499,0.25,8,Joseph,500,
A3TBA7X9EF16W6,F,English,4,35,38,sweater,round,1000,100,0.725,9,Sam,100,
A3TBA7X9EF16W6,F,English,4,35,83,laptop,round,100,500,0.225,10,Sean,500,
A3TBA7X9EF16W6,F,English,4,35,59,headphones,sharp,99,99,0.5,11,Aaron,100,
A3TBA7X9EF16W6,F,English,4,35,85,laptop,round,500,500,0.25,12,Dean,500,
A3TBA7X9EF16W6,F,English,4,35,1,electrickettle,round,20,20,0.05,13,Alex,20,
A3TBA7X9EF16W6,F,English,4,35,92,laptop,sharp,203,203,0.075,14,Scott,200,
A3TBA7X9EF16W6,F,English,4,35,64,headphones,sharp,9999,99,0.9,15,Chris,100,
A3TBA7X9EF16W6,F,English,4,35,65,watch,round,20,20,0.075,16,Charles,20,
A3TBA7X9EF16W6,F,English,4,35,42,sweater,sharp,47,47,0.275,17,Corey,50,
A3TBA7X9EF16W6,F,English,4,35,7,electrickettle,round,2000,100,0.9,18,George,100,
A3TBA7X9EF16W6,F,English,4,35,24,coffeemaker,round,10000,50,0.975,19,Darren,50,
A3TBA7X9EF16W6,F,English,4,35,96,laptop,sharp,10001,1000,0.975,20,Leon,1000,
A3TBA7X9EF16W6,F,English,4,35,6,electrickettle,round,1000,50,0.95,21,Frank,50,
A3TBA7X9EF16W6,F,English,4,35,80,watch,sharp,9997,10000,0.975,22,Rick,10000,
A3TBA7X9EF16W6,F,English,4,35,86,laptop,round,1000,1000,0.5,23,Theodore,1000,
A3TBA7X9EF16W6,F,English,4,35,16,electrickettle,sharp,10003,100,0.975,24,Paul,100,
A3TBA7X9EF16W6,F,English,4,35,39,sweater,round,2000,100,0.975,25,Ted,100,
A3TBA7X9EF16W6,F,English,4,35,91,laptop,sharp,103,1000,0.05,26,Greg,1000,
A3TBA7X9EF16W6,F,English,4,35,28,coffeemaker,sharp,197,50,0.5,27,Hal,50,
A3TBA7X9EF16W6,F,English,4,35,79,watch,sharp,2001,2001,0.9,28,Tom,2000,
A3TBA7X9EF16W6,F,English,4,35,11,electrickettle,sharp,97,97,0.25,29,Kevin,100,
A3TBA7X9EF16W6,F,English,4,35,13,electrickettle,sharp,503,100,0.75,30,Mark,100,
A3TBA7X9EF16W6,F,English,4,35,53,headphones,round,500,100,0.9,31,Norman,100,
A3TBA7X9EF16W6,F,English,4,35,66,watch,round,50,50,0.125,32,Brian,50,
A195ALXEOWXS4A,M,english,4,25,10,electrickettle,sharp,52,51.99,0.375,1,Jake,50,
A195ALXEOWXS4A,M,english,4,25,11,electrickettle,sharp,97,96.99,0.7,2,Kevin,100,
A195ALXEOWXS4A,M,english,4,25,29,coffeemaker,sharp,499,499.99,0.975,3,Irvin,500,
A195ALXEOWXS4A,M,english,4,25,1,electrickettle,round,20,19.99,0.275,4,Alex,20,
A195ALXEOWXS4A,M,english,4,25,64,headphones,sharp,9997,9997.97,1,5,Chris,10000,
A195ALXEOWXS4A,M,english,4,25,85,laptop,round,500,499,0.275,6,Dean,500,
A195ALXEOWXS4A,M,english,4,25,17,coffeemaker,round,20,19.99,0.25,7,Ryan,20,
A195ALXEOWXS4A,M,english,4,25,20,coffeemaker,round,200,199.99,0.75,8,Victor,200,
A195ALXEOWXS4A,M,english,4,25,6,electrickettle,round,1000,999.99,1,9,Frank,1000,
A195ALXEOWXS4A,M,english,4,25,62,headphones,sharp,997,997.97,1,10,Daniel,1000,
A195ALXEOWXS4A,M,english,4,25,21,coffeemaker,round,500,499,0.95,11,Albert,500,
A195ALXEOWXS4A,M,english,4,25,82,laptop,round,50,49.99,0,12,Kirk,50,
A195ALXEOWXS4A,M,english,4,25,28,coffeemaker,sharp,199,199.99,0.8,13,Hal,200,
A195ALXEOWXS4A,M,english,4,25,2,electrickettle,round,50,49.99,0.3,14,Bob,50,
A195ALXEOWXS4A,M,english,4,25,41,sweater,sharp,23,23,0.25,15,Bart,20,
A195ALXEOWXS4A,M,english,4,25,47,sweater,sharp,1997,1997,1,16,Henry,2000,
A195ALXEOWXS4A,M,english,4,25,58,headphones,sharp,52,52,0.625,17,Tim,50,
A195ALXEOWXS4A,M,english,4,25,70,watch,round,1000,995,0.75,18,John,1000,
A195ALXEOWXS4A,M,english,4,25,5,electrickettle,round,500,499,0.775,19,Ed,500,
A195ALXEOWXS4A,M,english,4,25,26,coffeemaker,sharp,47,47,0.3,20,Felix,50,
A195ALXEOWXS4A,M,english,4,25,75,watch,sharp,98,98.99,0.5,21,Todd,100,
A195ALXEOWXS4A,M,english,4,25,9,electrickettle,sharp,22,20.99,0.225,22,Ivan,20,
A195ALXEOWXS4A,M,english,4,25,95,laptop,sharp,1999,1999.99,0.9,23,Carl,2000,
A195ALXEOWXS4A,M,english,4,25,40,sweater,round,10000,999.98,1,24,Andrew,1000,
A195ALXEOWXS4A,M,english,4,25,68,watch,round,200,199,0.575,25,Michael,200,
A195ALXEOWXS4A,M,english,4,25,22,coffeemaker,round,1000,999,1,26,Barry,1000,
A195ALXEOWXS4A,M,english,4,25,93,laptop,sharp,501,500.99,0.35,27,Joseph,500,
A195ALXEOWXS4A,M,english,4,25,94,laptop,sharp,1001,1000.99,0.65,28,Richard,1000,
A195ALXEOWXS4A,M,english,4,25,31,coffeemaker,sharp,2002,2001.99,1,29,Kenneth,2000,
A195ALXEOWXS4A,M,english,4,25,39,sweater,round,2000,1999.99,1,30,Ted,2000,
A195ALXEOWXS4A,M,english,4,25,80,watch,sharp,10001,1000.99,1,31,Rick,1000,
A195ALXEOWXS4A,M,english,4,25,4,electrickettle,round,200,199.99,0.725,32,Dave,200,
ARXVG4J18XJFE,F,English,4,55,4,electrickettle,round,200,50,0.775,1,Dave,50,
ARXVG4J18XJFE,F,English,4,55,50,headphones,round,50,35,0.6,2,Keith,40,
ARXVG4J18XJFE,F,English,4,55,84,laptop,round,200,800,0.025,3,Zach,800,
ARXVG4J18XJFE,F,English,4,55,39,sweater,round,2000,50,0.9,4,Ted,50,
ARXVG4J18XJFE,F,English,4,55,40,sweater,round,10000,50,0.95,5,Andrew,50,
ARXVG4J18XJFE,F,English,4,55,65,watch,round,20,20,0.5,6,Charles,20,
ARXVG4J18XJFE,F,English,4,55,85,laptop,round,500,800,0.6,7,Dean,800,
ARXVG4J18XJFE,F,English,4,55,72,watch,round,10000,50,0.925,8,Justin,50,
ARXVG4J18XJFE,F,English,4,55,70,watch,round,1000,100,0.975,9,John,100,
ARXVG4J18XJFE,F,English,4,55,13,electrickettle,sharp,498,60,0.9,10,Mark,60,
ARXVG4J18XJFE,F,English,4,55,47,sweater,sharp,1998,50,0.875,11,Henry,50,
ARXVG4J18XJFE,F,English,4,55,46,sweater,sharp,997,60,0.925,12,Garrett,60,
ARXVG4J18XJFE,F,English,4,55,17,coffeemaker,round,20,20,0.5,13,Ryan,20,
ARXVG4J18XJFE,F,English,4,55,94,laptop,sharp,997,997,0.5,14,Richard,1000,
ARXVG4J18XJFE,F,English,4,55,90,laptop,sharp,53,800,0.1,15,Roger,800,
ARXVG4J18XJFE,F,English,4,55,82,laptop,round,50,800,0.15,16,Kirk,800,
ARXVG4J18XJFE,F,English,4,55,69,watch,round,500,100,0.725,17,James,100,
ARXVG4J18XJFE,F,English,4,55,77,watch,sharp,501,100,0.675,18,Jeff,100,
ARXVG4J18XJFE,F,English,4,55,35,sweater,round,100,50,0.6,19,Oscar,50,
ARXVG4J18XJFE,F,English,4,55,42,sweater,sharp,51,51,0.5,20,Corey,50,
ARXVG4J18XJFE,F,English,4,55,53,headphones,round,500,100,0.675,21,Norman,100,
ARXVG4J18XJFE,F,English,4,55,86,laptop,round,1000,1000,0.5,22,Theodore,1000,
ARXVG4J18XJFE,F,English,4,55,66,watch,round,50,50,0.5,23,Brian,50,
ARXVG4J18XJFE,F,English,4,55,11,electrickettle,sharp,98,60,0.7,24,Kevin,60,
ARXVG4J18XJFE,F,English,4,55,49,headphones,round,20,20,0.5,25,Jordan,20,
ARXVG4J18XJFE,F,English,4,55,93,laptop,sharp,502,800,0.375,26,Joseph,800,
ARXVG4J18XJFE,F,English,4,55,61,headphones,sharp,503,80,0.8,27,Cyrus,80,
ARXVG4J18XJFE,F,English,4,55,51,headphones,round,100,80,0.6,28,Laurence,80,
ARXVG4J18XJFE,F,English,4,55,6,electrickettle,round,1000,80,0.75,29,Frank,80,
ARXVG4J18XJFE,F,English,4,55,52,headphones,round,200,80,0.75,30,Matt,80,
ARXVG4J18XJFE,F,English,4,55,29,coffeemaker,sharp,499,80,0.85,31,Irvin,80,
ARXVG4J18XJFE,F,English,4,55,10,electrickettle,sharp,48,48,0.5,32,Jake,50,
ACOKFBC75D5OR,M,English,4,25,55,headphones,round,2000,2000,0.85,1,Phillip,2000,
ACOKFBC75D5OR,M,English,4,25,18,coffeemaker,round,50,50,0.35,2,Steve,50,
ACOKFBC75D5OR,M,English,4,25,96,laptop,sharp,10001,2000,0.85,3,Leon,2000,
ACOKFBC75D5OR,M,English,4,25,39,sweater,round,2000,100,0.8,4,Ted,100,
ACOKFBC75D5OR,M,English,4,25,30,coffeemaker,sharp,1002,100.2,0.775,5,Jerry,100,
ACOKFBC75D5OR,M,English,4,25,44,sweater,sharp,199,199,0.75,6,Edward,200,
ACOKFBC75D5OR,M,English,4,25,87,laptop,round,2000,2000,0.6,7,Rodney,2000,
ACOKFBC75D5OR,M,English,4,25,19,coffeemaker,round,100,100,0.575,8,Terry,100,
ACOKFBC75D5OR,M,English,4,25,72,watch,round,10000,10000,0.925,9,Justin,10000,
ACOKFBC75D5OR,M,English,4,25,67,watch,round,100,100,0.425,10,Adam,100,
ACOKFBC75D5OR,M,English,4,25,16,electrickettle,sharp,9997,75,1,11,Paul,80,
ACOKFBC75D5OR,M,English,4,25,23,coffeemaker,round,2000,100,0.875,12,Cameron,100,
ACOKFBC75D5OR,M,English,4,25,59,headphones,sharp,98,98,0.675,13,Aaron,100,
ACOKFBC75D5OR,M,English,4,25,82,laptop,round,50,300,0.75,14,Kirk,300,
ACOKFBC75D5OR,M,English,4,25,52,headphones,round,200,200,0.5,15,Matt,200,
ACOKFBC75D5OR,M,English,4,25,42,sweater,sharp,53,53,0.25,16,Corey,50,
ACOKFBC75D5OR,M,English,4,25,46,sweater,sharp,1001,25,0.25,17,Garrett,30,
ACOKFBC75D5OR,M,English,4,25,41,sweater,sharp,21,21,0.1,18,Bart,20,
ACOKFBC75D5OR,M,English,4,25,28,coffeemaker,sharp,199,199,0.575,19,Hal,200,
ACOKFBC75D5OR,M,English,4,25,57,headphones,sharp,21,21,0.25,20,Seth,20,
ACOKFBC75D5OR,M,English,4,25,9,electrickettle,sharp,19,19,0.275,21,Ivan,20,
ACOKFBC75D5OR,M,English,4,25,86,laptop,round,1000,1000,0.575,22,Theodore,1000,
ACOKFBC75D5OR,M,English,4,25,65,watch,round,20,20,0.2,23,Charles,20,
ACOKFBC75D5OR,M,English,4,25,78,watch,sharp,1003,1003,0.65,24,Ray,1000,
ACOKFBC75D5OR,M,English,4,25,8,electrickettle,round,10000,50,0.275,25,Harry,50,
ACOKFBC75D5OR,M,English,4,25,76,watch,sharp,199,199,0.5,26,Alan,200,
ACOKFBC75D5OR,M,English,4,25,63,headphones,sharp,1997,19.97,0.375,27,Eric,20,
ACOKFBC75D5OR,M,English,4,25,1,electrickettle,round,20,20,0.3,28,Alex,20,
ACOKFBC75D5OR,M,English,4,25,60,headphones,sharp,201,201,0.675,29,Ben,200,
ACOKFBC75D5OR,M,English,4,25,40,sweater,round,10000,100,0.6,30,Andrew,100,
ACOKFBC75D5OR,M,English,4,25,5,electrickettle,round,500,100,0.7,31,Ed,100,
ACOKFBC75D5OR,M,English,4,25,43,sweater,sharp,102,102,0.65,32,Don,100,
A3HOBJ4PJUOCUN,F,English,4,55,11,electrickettle,sharp,102,74.99,0.75,1,Kevin,70,
A3HOBJ4PJUOCUN,F,English,4,55,7,electrickettle,round,2000,74.99,1,2,George,70,
A3HOBJ4PJUOCUN,F,English,4,55,77,watch,sharp,503,400,0.75,3,Jeff,400,
A3HOBJ4PJUOCUN,F,English,4,55,1,electrickettle,round,20,50,0,4,Alex,50,
A3HOBJ4PJUOCUN,F,English,4,55,33,sweater,round,20,40,0.25,5,Martin,40,
A3HOBJ4PJUOCUN,F,English,4,55,36,sweater,round,200,150,0.75,6,Perry,150,
A3HOBJ4PJUOCUN,F,English,4,55,87,laptop,round,2000,1000,0.5,7,Rodney,1000,
A3HOBJ4PJUOCUN,F,English,4,55,83,laptop,round,100,600,0.25,8,Sean,600,
A3HOBJ4PJUOCUN,F,English,4,55,64,headphones,sharp,9998,175,1,9,Chris,180,
A3HOBJ4PJUOCUN,F,English,4,55,35,sweater,round,100,50,0.5,10,Oscar,50,
A3HOBJ4PJUOCUN,F,English,4,55,56,headphones,round,10000,175,1,11,Russell,180,
A3HOBJ4PJUOCUN,F,English,4,55,80,watch,sharp,9997,300,0.975,12,Rick,300,
A3HOBJ4PJUOCUN,F,English,4,55,79,watch,sharp,2003,300,1,13,Tom,300,
A3HOBJ4PJUOCUN,F,English,4,55,39,sweater,round,2000,100,0.975,14,Ted,100,
A3HOBJ4PJUOCUN,F,English,4,55,22,coffeemaker,round,1000,219,0.975,15,Barry,220,
A3HOBJ4PJUOCUN,F,English,4,55,21,coffeemaker,round,500,200,0.75,16,Albert,200,
A3HOBJ4PJUOCUN,F,English,4,55,12,electrickettle,sharp,201,175,0.5,17,Luke,180,
A3HOBJ4PJUOCUN,F,English,4,55,23,coffeemaker,round,2000,200,0.975,18,Cameron,200,
A3HOBJ4PJUOCUN,F,English,4,55,42,sweater,sharp,49,49,0.5,19,Corey,50,
A3HOBJ4PJUOCUN,F,English,4,55,31,coffeemaker,sharp,2002,250,0.975,20,Kenneth,250,
A3HOBJ4PJUOCUN,F,English,4,55,25,coffeemaker,sharp,23,75,0.25,21,Eli,80,
A3HOBJ4PJUOCUN,F,English,4,55,6,electrickettle,round,1000,200,0.775,22,Frank,200,
A3HOBJ4PJUOCUN,F,English,4,55,48,sweater,sharp,10001,50,1,23,Isaac,50,
A3HOBJ4PJUOCUN,F,English,4,55,60,headphones,sharp,198,200,0.5,24,Ben,200,
A3HOBJ4PJUOCUN,F,English,4,55,55,headphones,round,2000,200,0.5,25,Phillip,200,
A3HOBJ4PJUOCUN,F,English,4,55,54,headphones,round,1000,200,1,26,Oliver,200,
A3HOBJ4PJUOCUN,F,English,4,55,96,laptop,sharp,9997,950,0.975,27,Leon,950,
A3HOBJ4PJUOCUN,F,English,4,55,15,electrickettle,sharp,2001,200,0.975,28,Owen,200,
A3HOBJ4PJUOCUN,F,English,4,55,51,headphones,round,100,100,0.5,29,Laurence,100,
A3HOBJ4PJUOCUN,F,English,4,55,73,watch,sharp,18,50,0.25,30,Billy,50,
A3HOBJ4PJUOCUN,F,English,4,55,3,electrickettle,round,100,100,0.5,31,Calvin,100,
A3HOBJ4PJUOCUN,F,English,4,55,91,laptop,sharp,101,950,0.025,32,Greg,950,
A2A07J1P6YEW6Z,M,English,4,35,31,coffeemaker,sharp,1998,19.98,0.375,1,Kenneth,20,
A2A07J1P6YEW6Z,M,English,4,35,25,coffeemaker,sharp,17,17,0.25,2,Eli,20,
A2A07J1P6YEW6Z,M,English,4,35,38,sweater,round,1000,10,0.75,3,Sam,10,
A2A07J1P6YEW6Z,M,English,4,35,32,coffeemaker,sharp,9997,99.97,0.925,4,Larry,100,
A2A07J1P6YEW6Z,M,English,4,35,40,sweater,round,10000,100,0.9,5,Andrew,100,
A2A07J1P6YEW6Z,M,English,4,35,48,sweater,sharp,9998,75,0.925,6,Isaac,80,
A2A07J1P6YEW6Z,M,English,4,35,4,electrickettle,round,200,200,0.575,7,Dave,200,
A2A07J1P6YEW6Z,M,English,4,35,88,laptop,round,10000,1000,0.85,8,Will,1000,
A2A07J1P6YEW6Z,M,English,4,35,55,headphones,round,2000,50,0.9,9,Phillip,50,
A2A07J1P6YEW6Z,M,English,4,35,39,sweater,round,2000,50,0.75,10,Ted,50,
A2A07J1P6YEW6Z,M,English,4,35,15,electrickettle,sharp,2001,200,0.85,11,Owen,200,
A2A07J1P6YEW6Z,M,English,4,35,71,watch,round,2000,200,0.85,12,Douglas,200,
A2A07J1P6YEW6Z,M,English,4,35,69,watch,round,500,500,0.55,13,James,500,
A2A07J1P6YEW6Z,M,English,4,35,50,headphones,round,50,50,0.35,14,Keith,50,
A2A07J1P6YEW6Z,M,English,4,35,35,sweater,round,100,100,0.35,15,Oscar,100,
A2A07J1P6YEW6Z,M,English,4,35,23,coffeemaker,round,2000,100,0.75,16,Cameron,100,
A2A07J1P6YEW6Z,M,English,4,35,56,headphones,round,10000,100,0.85,17,Russell,100,
A2A07J1P6YEW6Z,M,English,4,35,73,watch,sharp,22,22,0.25,18,Billy,20,
A2A07J1P6YEW6Z,M,English,4,35,60,headphones,sharp,201,50,0.6,19,Ben,50,
A2A07J1P6YEW6Z,M,English,4,35,59,headphones,sharp,98,98,0.475,20,Aaron,100,
A2A07J1P6YEW6Z,M,English,4,35,36,sweater,round,200,200,0.6,21,Perry,200,
A2A07J1P6YEW6Z,M,English,4,35,65,watch,round,20,20,0.125,22,Charles,20,
A2A07J1P6YEW6Z,M,English,4,35,77,watch,sharp,503,503,0.45,23,Jeff,500,
A2A07J1P6YEW6Z,M,English,4,35,86,laptop,round,1000,1000,0.475,24,Theodore,1000,
A2A07J1P6YEW6Z,M,English,4,35,14,electrickettle,sharp,1002,100,0.75,25,Ned,100,
A2A07J1P6YEW6Z,M,English,4,35,81,laptop,round,20,200,0.1,26,Ian,200,
A2A07J1P6YEW6Z,M,English,4,35,80,watch,sharp,9998,99,0.85,27,Rick,100,
A2A07J1P6YEW6Z,M,English,4,35,51,headphones,round,100,100,0.425,28,Laurence,100,
A2A07J1P6YEW6Z,M,English,4,35,49,headphones,round,20,20,0.25,29,Jordan,20,
A2A07J1P6YEW6Z,M,English,4,35,16,electrickettle,sharp,10003,100,0.9,30,Paul,100,
A2A07J1P6YEW6Z,M,English,4,35,93,laptop,sharp,499,499,0.35,31,Joseph,500,
A2A07J1P6YEW6Z,M,English,4,35,75,watch,sharp,102,102,0.25,32,Todd,100,
A50BRZM8LHWCD,F,english,8,45,58,headphones,sharp,48,48,0.25,1,Tim,50,
A50BRZM8LHWCD,F,english,8,45,38,sweater,round,1000,100,0.975,2,Sam,100,
A50BRZM8LHWCD,F,english,8,45,14,electrickettle,sharp,1002,75,0.975,3,Ned,80,
A50BRZM8LHWCD,F,english,8,45,93,laptop,sharp,497,497,0.2,4,Joseph,500,
A50BRZM8LHWCD,F,english,8,45,28,coffeemaker,sharp,203,96,0.675,5,Hal,100,
A50BRZM8LHWCD,F,english,8,45,62,headphones,sharp,1002,65,0.975,6,Daniel,70,
A50BRZM8LHWCD,F,english,8,45,74,watch,sharp,47,47,0.05,7,Howard,50,
A50BRZM8LHWCD,F,english,8,45,45,sweater,sharp,498,125,0.95,8,Fred,130,
A50BRZM8LHWCD,F,english,8,45,72,watch,round,10000,10000,0.225,9,Justin,10000,
A50BRZM8LHWCD,F,english,8,45,63,headphones,sharp,1998,19.98,0.925,10,Eric,20,
A50BRZM8LHWCD,F,english,8,45,41,sweater,sharp,23,23,0,11,Bart,20,
A50BRZM8LHWCD,F,english,8,45,73,watch,sharp,17,17,0.025,12,Billy,20,
A50BRZM8LHWCD,F,english,8,45,61,headphones,sharp,499,49.99,0.1,13,Cyrus,50,
A50BRZM8LHWCD,F,english,8,45,23,coffeemaker,round,2000,65,0.95,14,Cameron,70,
A50BRZM8LHWCD,F,english,8,45,21,coffeemaker,round,500,100,0.925,15,Albert,100,
A50BRZM8LHWCD,F,english,8,45,3,electrickettle,round,100,100,0.125,16,Calvin,100,
A50BRZM8LHWCD,F,english,8,45,24,coffeemaker,round,10000,120,0.975,17,Darren,120,
A50BRZM8LHWCD,F,english,8,45,49,headphones,round,20,20,0.05,18,Jordan,20,
A50BRZM8LHWCD,F,english,8,45,40,sweater,round,10000,90,0.975,19,Andrew,90,
A50BRZM8LHWCD,F,english,8,45,11,electrickettle,sharp,97,97,0.2,20,Kevin,100,
A50BRZM8LHWCD,F,english,8,45,17,coffeemaker,round,20,20,0.025,21,Ryan,20,
A50BRZM8LHWCD,F,english,8,45,53,headphones,round,500,50,0.825,22,Norman,50,
A50BRZM8LHWCD,F,english,8,45,35,sweater,round,100,100,0.025,23,Oscar,100,
A50BRZM8LHWCD,F,english,8,45,37,sweater,round,500,200,0.35,24,Ron,200,
A50BRZM8LHWCD,F,english,8,45,29,coffeemaker,sharp,502,50.2,0.975,25,Irvin,50,
A50BRZM8LHWCD,F,english,8,45,75,watch,sharp,99,99,0.2,26,Todd,100,
A50BRZM8LHWCD,F,english,8,45,2,electrickettle,round,50,50,0.025,27,Bob,50,
A50BRZM8LHWCD,F,english,8,45,43,sweater,sharp,103,103,0.45,28,Don,100,
A50BRZM8LHWCD,F,english,8,45,13,electrickettle,sharp,497,49.7,0.95,29,Mark,50,
A50BRZM8LHWCD,F,english,8,45,4,electrickettle,round,200,200,0.85,30,Dave,200,
A50BRZM8LHWCD,F,english,8,45,59,headphones,sharp,99,99,0.275,31,Aaron,100,
A50BRZM8LHWCD,F,english,8,45,5,electrickettle,round,500,50.5,0.825,32,Ed,50,
A1A7O3TW2O0TPM,M,English,6,35,20,coffeemaker,round,200,189.99,0.5,1,Victor,190,
A1A7O3TW2O0TPM,M,English,6,35,91,laptop,sharp,102,101.99,0.1,2,Greg,100,
A1A7O3TW2O0TPM,M,English,6,35,71,watch,round,2000,1950.99,0.75,3,Douglas,1950,
A1A7O3TW2O0TPM,M,English,6,35,86,laptop,round,1000,989.99,0.25,4,Theodore,990,
A1A7O3TW2O0TPM,M,English,6,35,94,laptop,sharp,1001,1000.99,0.25,5,Richard,1000,
A1A7O3TW2O0TPM,M,English,6,35,48,sweater,sharp,10003,100.99,0.975,6,Isaac,100,
A1A7O3TW2O0TPM,M,English,6,35,16,electrickettle,sharp,10001,99.99,0.975,7,Paul,100,
A1A7O3TW2O0TPM,M,English,6,35,85,laptop,round,500,489.99,0.225,8,Dean,490,
A1A7O3TW2O0TPM,M,English,6,35,7,electrickettle,round,2000,1987.99,1,9,George,1990,
A1A7O3TW2O0TPM,M,English,6,35,3,electrickettle,round,100,89.99,0.25,10,Calvin,90,
A1A7O3TW2O0TPM,M,English,6,35,57,headphones,sharp,23,22.99,0.25,11,Seth,20,
A1A7O3TW2O0TPM,M,English,6,35,95,laptop,sharp,2003,2002.89,0.725,12,Carl,2000,
A1A7O3TW2O0TPM,M,English,6,35,49,headphones,round,20,19.99,0.075,13,Jordan,20,
A1A7O3TW2O0TPM,M,English,6,35,9,electrickettle,sharp,18,17.99,0.1,14,Ivan,20,
A1A7O3TW2O0TPM,M,English,6,35,10,electrickettle,sharp,51,50.99,0.3,15,Jake,50,
A1A7O3TW2O0TPM,M,English,6,35,6,electrickettle,round,1000,905,0.9,16,Frank,910,
A1A7O3TW2O0TPM,M,English,6,35,92,laptop,sharp,203,202.99,0.1,17,Scott,200,
A1A7O3TW2O0TPM,M,English,6,35,36,sweater,round,200,175.99,0.85,18,Perry,180,
A1A7O3TW2O0TPM,M,English,6,35,47,sweater,sharp,1999,1999,0.925,19,Henry,2000,
A1A7O3TW2O0TPM,M,English,6,35,24,coffeemaker,round,10000,9997.99,1,20,Darren,10000,
A1A7O3TW2O0TPM,M,English,6,35,77,watch,sharp,498,497.99,0.875,21,Jeff,500,
A1A7O3TW2O0TPM,M,English,6,35,59,headphones,sharp,102,101.99,0.75,22,Aaron,100,
A1A7O3TW2O0TPM,M,English,6,35,1,electrickettle,round,20,19.99,0.35,23,Alex,20,
A1A7O3TW2O0TPM,M,English,6,35,63,headphones,sharp,1999,1998.99,0.95,24,Eric,2000,
A1A7O3TW2O0TPM,M,English,6,35,26,coffeemaker,sharp,49,48.99,0.325,25,Felix,50,
A1A7O3TW2O0TPM,M,English,6,35,21,coffeemaker,round,500,497.99,0.875,26,Albert,500,
A1A7O3TW2O0TPM,M,English,6,35,72,watch,round,10000,9999.99,0.975,27,Justin,10000,
A1A7O3TW2O0TPM,M,English,6,35,88,laptop,round,10000,9999.99,1,28,Will,10000,
A1A7O3TW2O0TPM,M,English,6,35,19,coffeemaker,round,100,89.99,0.75,29,Terry,90,
A1A7O3TW2O0TPM,M,English,6,35,18,coffeemaker,round,50,49.99,0.5,30,Steve,50,
A1A7O3TW2O0TPM,M,English,6,35,67,watch,round,100,94.99,0.5,31,Adam,90,
A1A7O3TW2O0TPM,M,English,6,35,51,headphones,round,100,89.99,0.725,32,Laurence,90,
A26APAELZ028RQ,F,English,4,25,47,sweater,sharp,2002,2002,0.75,1,Henry,2000,
A26APAELZ028RQ,F,English,4,25,77,watch,sharp,501,500,0.75,2,Jeff,500,
A26APAELZ028RQ,F,English,4,25,6,electrickettle,round,1000,1000,0.75,3,Frank,1000,
A26APAELZ028RQ,F,English,4,25,43,sweater,sharp,97,100,0.625,4,Don,100,
A26APAELZ028RQ,F,English,4,25,32,coffeemaker,sharp,9998,10000,0.725,5,Larry,10000,
A26APAELZ028RQ,F,English,4,25,58,headphones,sharp,51,50,0.425,6,Tim,50,
A26APAELZ028RQ,F,English,4,25,50,headphones,round,50,50,0.35,7,Keith,50,
A26APAELZ028RQ,F,English,4,25,9,electrickettle,sharp,19,20,0.35,8,Ivan,20,
A26APAELZ028RQ,F,English,4,25,91,laptop,sharp,98,100,0,9,Greg,100,
A26APAELZ028RQ,F,English,4,25,79,watch,sharp,2001,2000,0.75,10,Tom,2000,
A26APAELZ028RQ,F,English,4,25,17,coffeemaker,round,20,20,0.25,11,Ryan,20,
A26APAELZ028RQ,F,English,4,25,16,electrickettle,sharp,9997,10000,1,12,Paul,10000,
A26APAELZ028RQ,F,English,4,25,62,headphones,sharp,1002,1000,0.7,13,Daniel,1000,
A26APAELZ028RQ,F,English,4,25,25,coffeemaker,sharp,19,20,0,14,Eli,20,
A26APAELZ028RQ,F,English,4,25,39,sweater,round,2000,2000,1,15,Ted,2000,
A26APAELZ028RQ,F,English,4,25,84,laptop,round,200,200,0.225,16,Zach,200,
A26APAELZ028RQ,F,English,4,25,78,watch,sharp,1003,1000,0.75,17,Ray,1000,
A26APAELZ028RQ,F,English,4,25,83,laptop,round,100,100,0,18,Sean,100,
A26APAELZ028RQ,F,English,4,25,63,headphones,sharp,1999,2000,1,19,Eric,2000,
A26APAELZ028RQ,F,English,4,25,18,coffeemaker,round,50,50,0.575,20,Steve,50,
A26APAELZ028RQ,F,English,4,25,71,watch,round,2000,2000,1,21,Douglas,2000,
A26APAELZ028RQ,F,English,4,25,37,sweater,round,500,500,0.75,22,Ron,500,
A26APAELZ028RQ,F,English,4,25,92,laptop,sharp,203,200,0,23,Scott,200,
A26APAELZ028RQ,F,English,4,25,86,laptop,round,1000,1000,0.525,24,Theodore,1000,
A26APAELZ028RQ,F,English,4,25,87,laptop,round,2000,2000,0.775,25,Rodney,2000,
A26APAELZ028RQ,F,English,4,25,12,electrickettle,sharp,197,200,0.7,26,Luke,200,
A26APAELZ028RQ,F,English,4,25,61,headphones,sharp,498,500,0.6,27,Cyrus,500,
A26APAELZ028RQ,F,English,4,25,13,electrickettle,sharp,497,500,0.725,28,Mark,500,
A26APAELZ028RQ,F,English,4,25,75,watch,sharp,99,100,0.375,29,Todd,100,
A26APAELZ028RQ,F,English,4,25,46,sweater,sharp,1001,1000,1,30,Garrett,1000,
A26APAELZ028RQ,F,English,4,25,51,headphones,round,100,100,0.45,31,Laurence,100,
A26APAELZ028RQ,F,English,4,25,73,watch,sharp,22,22,0,32,Billy,20,