workerID,gender,language,income,age,domain,order,buyer,interpretation,interpretationType,interpretationRounded,interpretationProb
A1KN3TP3P2NJHC,F,English,4,65,laptop,1,Alex,50,round,50,0.0
A1KN3TP3P2NJHC,F,English,4,65,laptop,1,Alex,51,sharp,50,0.0
A1KN3TP3P2NJHC,F,English,4,65,laptop,1,Alex,500,round,500,0.204081632653
A1KN3TP3P2NJHC,F,English,4,65,laptop,1,Alex,501,sharp,500,0.204081632653
A1KN3TP3P2NJHC,F,English,4,65,laptop,1,Alex,1000,round,1000,0.204081632653
A1KN3TP3P2NJHC,F,English,4,65,laptop,1,Alex,1001,sharp,1000,0.204081632653
A1KN3TP3P2NJHC,F,English,4,65,laptop,1,Alex,5000,round,5000,0.0918367346939
A1KN3TP3P2NJHC,F,English,4,65,laptop,1,Alex,5001,sharp,5000,0.0918367346939
A1KN3TP3P2NJHC,F,English,4,65,laptop,1,Alex,10000,round,10000,0.0
A1KN3TP3P2NJHC,F,English,4,65,laptop,1,Alex,10001,sharp,10000,0.0
A1KN3TP3P2NJHC,F,English,4,65,watch,2,Bob,50,round,50,0.1
A1KN3TP3P2NJHC,F,English,4,65,watch,2,Bob,51,sharp,50,0.1
A1KN3TP3P2NJHC,F,English,4,65,watch,2,Bob,500,round,500,0.1
A1KN3TP3P2NJHC,F,English,4,65,watch,2,Bob,501,sharp,500,0.1
A1KN3TP3P2NJHC,F,English,4,65,watch,2,Bob,1000,round,1000,0.1
A1KN3TP3P2NJHC,F,English,4,65,watch,2,Bob,1001,sharp,1000,0.1
A1KN3TP3P2NJHC,F,English,4,65,watch,2,Bob,5000,round,5000,0.1
A1KN3TP3P2NJHC,F,English,4,65,watch,2,Bob,5001,sharp,5000,0.1
A1KN3TP3P2NJHC,F,English,4,65,watch,2,Bob,10000,round,10000,0.1
A1KN3TP3P2NJHC,F,English,4,65,watch,2,Bob,10001,sharp,10000,0.1
A1KN3TP3P2NJHC,F,English,4,65,electric kettle,3,Calvin,50,round,50,0.5
A1KN3TP3P2NJHC,F,English,4,65,electric kettle,3,Calvin,51,sharp,50,0.5
A1KN3TP3P2NJHC,F,English,4,65,electric kettle,3,Calvin,500,round,500,0.0
A1KN3TP3P2NJHC,F,English,4,65,electric kettle,3,Calvin,501,sharp,500,0.0
A1KN3TP3P2NJHC,F,English,4,65,electric kettle,3,Calvin,1000,round,1000,0.0
A1KN3TP3P2NJHC,F,English,4,65,electric kettle,3,Calvin,1001,sharp,1000,0.0
A1KN3TP3P2NJHC,F,English,4,65,electric kettle,3,Calvin,5000,round,5000,0.0
A1KN3TP3P2NJHC,F,English,4,65,electric kettle,3,Calvin,5001,sharp,5000,0.0
A1KN3TP3P2NJHC,F,English,4,65,electric kettle,3,Calvin,10000,round,10000,0.0
A1KN3TP3P2NJHC,F,English,4,65,electric kettle,3,Calvin,10001,sharp,10000,0.0
A3DZ46U9XRLVBI,F,english,8,35,watch,1,Calvin,50,round,50,0.295454545455
A3DZ46U9XRLVBI,F,english,8,35,watch,1,Calvin,51,sharp,50,0.242424242424
A3DZ46U9XRLVBI,F,english,8,35,watch,1,Calvin,500,round,500,0.0984848484848
A3DZ46U9XRLVBI,F,english,8,35,watch,1,Calvin,501,sharp,500,0.0984848484848
A3DZ46U9XRLVBI,F,english,8,35,watch,1,Calvin,1000,round,1000,0.0757575757576
A3DZ46U9XRLVBI,F,english,8,35,watch,1,Calvin,1001,sharp,1000,0.0757575757576
A3DZ46U9XRLVBI,F,english,8,35,watch,1,Calvin,5000,round,5000,0.030303030303
A3DZ46U9XRLVBI,F,english,8,35,watch,1,Calvin,5001,sharp,5000,0.0378787878788
A3DZ46U9XRLVBI,F,english,8,35,watch,1,Calvin,10000,round,10000,0.0227272727273
A3DZ46U9XRLVBI,F,english,8,35,watch,1,Calvin,10001,sharp,10000,0.0227272727273
A3DZ46U9XRLVBI,F,english,8,35,electric kettle,2,Alex,50,round,50,0.469879518072
A3DZ46U9XRLVBI,F,english,8,35,electric kettle,2,Alex,51,sharp,50,0.481927710843
A3DZ46U9XRLVBI,F,english,8,35,electric kettle,2,Alex,500,round,500,0.0240963855422
A3DZ46U9XRLVBI,F,english,8,35,electric kettle,2,Alex,501,sharp,500,0.0240963855422
A3DZ46U9XRLVBI,F,english,8,35,electric kettle,2,Alex,1000,round,1000,0.0
A3DZ46U9XRLVBI,F,english,8,35,electric kettle,2,Alex,1001,sharp,1000,0.0
A3DZ46U9XRLVBI,F,english,8,35,electric kettle,2,Alex,5000,round,5000,0.0
A3DZ46U9XRLVBI,F,english,8,35,electric kettle,2,Alex,5001,sharp,5000,0.0
A3DZ46U9XRLVBI,F,english,8,35,electric kettle,2,Alex,10000,round,10000,0.0
A3DZ46U9XRLVBI,F,english,8,35,electric kettle,2,Alex,10001,sharp,10000,0.0
A3DZ46U9XRLVBI,F,english,8,35,laptop,3,Bob,50,round,50,0.0
A3DZ46U9XRLVBI,F,english,8,35,laptop,3,Bob,51,sharp,50,0.0
A3DZ46U9XRLVBI,F,english,8,35,laptop,3,Bob,500,round,500,0.233333333333
A3DZ46U9XRLVBI,F,english,8,35,laptop,3,Bob,501,sharp,500,0.233333333333
A3DZ46U9XRLVBI,F,english,8,35,laptop,3,Bob,1000,round,1000,0.266666666667
A3DZ46U9XRLVBI,F,english,8,35,laptop,3,Bob,1001,sharp,1000,0.266666666667
A3DZ46U9XRLVBI,F,english,8,35,laptop,3,Bob,5000,round,5000,0.0
A3DZ46U9XRLVBI,F,english,8,35,laptop,3,Bob,5001,sharp,5000,0.0
A3DZ46U9XRLVBI,F,english,8,35,laptop,3,Bob,10000,round,10000,0.0
A3DZ46U9XRLVBI,F,english,8,35,laptop,3,Bob,10001,sharp,10000,0.0
A3AJR1PM02424Y,F,English,4,35,watch,1,Calvin,50,round,50,0.175438596491
A3AJR1PM02424Y,F,English,4,35,watch,1,Calvin,51,sharp,50,0.175438596491
A3AJR1PM02424Y,F,English,4,35,watch,1,Calvin,500,round,500,0.131578947368
A3AJR1PM02424Y,F,English,4,35,watch,1,Calvin,501,sharp,500,0.131578947368
A3AJR1PM02424Y,F,English,4,35,watch,1,Calvin,1000,round,1000,0.100877192982
A3AJR1PM02424Y,F,English,4,35,watch,1,Calvin,1001,sharp,1000,0.100877192982
A3AJR1PM02424Y,F,English,4,35,watch,1,Calvin,5000,round,5000,0.0526315789474
A3AJR1PM02424Y,F,English,4,35,watch,1,Calvin,5001,sharp,5000,0.0526315789474
A3AJR1PM02424Y,F,English,4,35,watch,1,Calvin,10000,round,10000,0.0394736842105
A3AJR1PM02424Y,F,English,4,35,watch,1,Calvin,10001,sharp,10000,0.0394736842105
A3AJR1PM02424Y,F,English,4,35,electric kettle,2,Alex,50,round,50,0.347826086957
A3AJR1PM02424Y,F,English,4,35,electric kettle,2,Alex,51,sharp,50,0.347826086957
A3AJR1PM02424Y,F,English,4,35,electric kettle,2,Alex,500,round,500,0.0869565217391
A3AJR1PM02424Y,F,English,4,35,electric kettle,2,Alex,501,sharp,500,0.0869565217391
A3AJR1PM02424Y,F,English,4,35,electric kettle,2,Alex,1000,round,1000,0.0434782608696
A3AJR1PM02424Y,F,English,4,35,electric kettle,2,Alex,1001,sharp,1000,0.0521739130435
A3AJR1PM02424Y,F,English,4,35,electric kettle,2,Alex,5000,round,5000,0.0173913043478
A3AJR1PM02424Y,F,English,4,35,electric kettle,2,Alex,5001,sharp,5000,0.0173913043478
A3AJR1PM02424Y,F,English,4,35,electric kettle,2,Alex,10000,round,10000,0.0
A3AJR1PM02424Y,F,English,4,35,electric kettle,2,Alex,10001,sharp,10000,0.0
A3AJR1PM02424Y,F,English,4,35,laptop,3,Bob,50,round,50,0.020942408377
A3AJR1PM02424Y,F,English,4,35,laptop,3,Bob,51,sharp,50,0.020942408377
A3AJR1PM02424Y,F,English,4,35,laptop,3,Bob,500,round,500,0.130890052356
A3AJR1PM02424Y,F,English,4,35,laptop,3,Bob,501,sharp,500,0.125654450262
A3AJR1PM02424Y,F,English,4,35,laptop,3,Bob,1000,round,1000,0.157068062827
A3AJR1PM02424Y,F,English,4,35,laptop,3,Bob,1001,sharp,1000,0.157068062827
A3AJR1PM02424Y,F,English,4,35,laptop,3,Bob,5000,round,5000,0.157068062827
A3AJR1PM02424Y,F,English,4,35,laptop,3,Bob,5001,sharp,5000,0.162303664921
A3AJR1PM02424Y,F,English,4,35,laptop,3,Bob,10000,round,10000,0.0314136125654
A3AJR1PM02424Y,F,English,4,35,laptop,3,Bob,10001,sharp,10000,0.0366492146597
A1XAOEDK0Y2KBT,M,English,8,45,laptop,1,Calvin,50,round,50,0.0
A1XAOEDK0Y2KBT,M,English,8,45,laptop,1,Calvin,51,sharp,50,0.0
A1XAOEDK0Y2KBT,M,English,8,45,laptop,1,Calvin,500,round,500,0.095652173913
A1XAOEDK0Y2KBT,M,English,8,45,laptop,1,Calvin,501,sharp,500,0.095652173913
A1XAOEDK0Y2KBT,M,English,8,45,laptop,1,Calvin,1000,round,1000,0.339130434783
A1XAOEDK0Y2KBT,M,English,8,45,laptop,1,Calvin,1001,sharp,1000,0.252173913043
A1XAOEDK0Y2KBT,M,English,8,45,laptop,1,Calvin,5000,round,5000,0.095652173913
A1XAOEDK0Y2KBT,M,English,8,45,laptop,1,Calvin,5001,sharp,5000,0.095652173913
A1XAOEDK0Y2KBT,M,English,8,45,laptop,1,Calvin,10000,round,10000,0.00869565217391
A1XAOEDK0Y2KBT,M,English,8,45,laptop,1,Calvin,10001,sharp,10000,0.0173913043478
A1XAOEDK0Y2KBT,M,English,8,45,watch,2,Alex,50,round,50,0.182242990654
A1XAOEDK0Y2KBT,M,English,8,45,watch,2,Alex,51,sharp,50,0.177570093458
A1XAOEDK0Y2KBT,M,English,8,45,watch,2,Alex,500,round,500,0.144859813084
A1XAOEDK0Y2KBT,M,English,8,45,watch,2,Alex,501,sharp,500,0.140186915888
A1XAOEDK0Y2KBT,M,English,8,45,watch,2,Alex,1000,round,1000,0.0934579439252
A1XAOEDK0Y2KBT,M,English,8,45,watch,2,Alex,1001,sharp,1000,0.0934579439252
A1XAOEDK0Y2KBT,M,English,8,45,watch,2,Alex,5000,round,5000,0.0467289719626
A1XAOEDK0Y2KBT,M,English,8,45,watch,2,Alex,5001,sharp,5000,0.0420560747664
A1XAOEDK0Y2KBT,M,English,8,45,watch,2,Alex,10000,round,10000,0.0420560747664
A1XAOEDK0Y2KBT,M,English,8,45,watch,2,Alex,10001,sharp,10000,0.0373831775701
A1XAOEDK0Y2KBT,M,English,8,45,electric kettle,3,Bob,50,round,50,0.384615384615
A1XAOEDK0Y2KBT,M,English,8,45,electric kettle,3,Bob,51,sharp,50,0.375
A1XAOEDK0Y2KBT,M,English,8,45,electric kettle,3,Bob,500,round,500,0.0961538461538
A1XAOEDK0Y2KBT,M,English,8,45,electric kettle,3,Bob,501,sharp,500,0.105769230769
A1XAOEDK0Y2KBT,M,English,8,45,electric kettle,3,Bob,1000,round,1000,0.00961538461538
A1XAOEDK0Y2KBT,M,English,8,45,electric kettle,3,Bob,1001,sharp,1000,0.00961538461538
A1XAOEDK0Y2KBT,M,English,8,45,electric kettle,3,Bob,5000,round,5000,0.0
A1XAOEDK0Y2KBT,M,English,8,45,electric kettle,3,Bob,5001,sharp,5000,0.00961538461538
A1XAOEDK0Y2KBT,M,English,8,45,electric kettle,3,Bob,10000,round,10000,0.00961538461538
A1XAOEDK0Y2KBT,M,English,8,45,electric kettle,3,Bob,10001,sharp,10000,0.0
A195WB6MMIHUL7,F,english,6,17,watch,1,Bob,50,round,50,0.234782608696
A195WB6MMIHUL7,F,english,6,17,watch,1,Bob,51,sharp,50,0.260869565217
A195WB6MMIHUL7,F,english,6,17,watch,1,Bob,500,round,500,0.173913043478
A195WB6MMIHUL7,F,english,6,17,watch,1,Bob,501,sharp,500,0.147826086957
A195WB6MMIHUL7,F,english,6,17,watch,1,Bob,1000,round,1000,0.0608695652174
A195WB6MMIHUL7,F,english,6,17,watch,1,Bob,1001,sharp,1000,0.0434782608696
A195WB6MMIHUL7,F,english,6,17,watch,1,Bob,5000,round,5000,0.0347826086957
A195WB6MMIHUL7,F,english,6,17,watch,1,Bob,5001,sharp,5000,0.0434782608696
A195WB6MMIHUL7,F,english,6,17,watch,1,Bob,10000,round,10000,0.0
A195WB6MMIHUL7,F,english,6,17,watch,1,Bob,10001,sharp,10000,0.0
A195WB6MMIHUL7,F,english,6,17,electric kettle,2,Calvin,50,round,50,0.43956043956
A195WB6MMIHUL7,F,english,6,17,electric kettle,2,Calvin,51,sharp,50,0.43956043956
A195WB6MMIHUL7,F,english,6,17,electric kettle,2,Calvin,500,round,500,0.0659340659341
A195WB6MMIHUL7,F,english,6,17,electric kettle,2,Calvin,501,sharp,500,0.0549450549451
A195WB6MMIHUL7,F,english,6,17,electric kettle,2,Calvin,1000,round,1000,0.0
A195WB6MMIHUL7,F,english,6,17,electric kettle,2,Calvin,1001,sharp,1000,0.0
A195WB6MMIHUL7,F,english,6,17,electric kettle,2,Calvin,5000,round,5000,0.0
A195WB6MMIHUL7,F,english,6,17,electric kettle,2,Calvin,5001,sharp,5000,0.0
A195WB6MMIHUL7,F,english,6,17,electric kettle,2,Calvin,10000,round,10000,0.0
A195WB6MMIHUL7,F,english,6,17,electric kettle,2,Calvin,10001,sharp,10000,0.0
A195WB6MMIHUL7,F,english,6,17,laptop,3,Alex,50,round,50,0.0
A195WB6MMIHUL7,F,english,6,17,laptop,3,Alex,51,sharp,50,0.0
A195WB6MMIHUL7,F,english,6,17,laptop,3,Alex,500,round,500,0.298507462687
A195WB6MMIHUL7,F,english,6,17,laptop,3,Alex,501,sharp,500,0.298507462687
A195WB6MMIHUL7,F,english,6,17,laptop,3,Alex,1000,round,1000,0.298507462687
A195WB6MMIHUL7,F,english,6,17,laptop,3,Alex,1001,sharp,1000,0.0746268656716
A195WB6MMIHUL7,F,english,6,17,laptop,3,Alex,5000,round,5000,0.0149253731343
A195WB6MMIHUL7,F,english,6,17,laptop,3,Alex,5001,sharp,5000,0.0149253731343
A195WB6MMIHUL7,F,english,6,17,laptop,3,Alex,10000,round,10000,0.0
A195WB6MMIHUL7,F,english,6,17,laptop,3,Alex,10001,sharp,10000,0.0
A14PFRHG0A2YY9,M,english,4,55,watch,1,Calvin,50,round,50,0.281690140845
A14PFRHG0A2YY9,M,english,4,55,watch,1,Calvin,51,sharp,50,0.281690140845
A14PFRHG0A2YY9,M,english,4,55,watch,1,Calvin,500,round,500,0.0845070422535
A14PFRHG0A2YY9,M,english,4,55,watch,1,Calvin,501,sharp,500,0.0845070422535
A14PFRHG0A2YY9,M,english,4,55,watch,1,Calvin,1000,round,1000,0.0845070422535
A14PFRHG0A2YY9,M,english,4,55,watch,1,Calvin,1001,sharp,1000,0.0845070422535
A14PFRHG0A2YY9,M,english,4,55,watch,1,Calvin,5000,round,5000,0.0422535211268
A14PFRHG0A2YY9,M,english,4,55,watch,1,Calvin,5001,sharp,5000,0.0422535211268
A14PFRHG0A2YY9,M,english,4,55,watch,1,Calvin,10000,round,10000,0.00704225352113
A14PFRHG0A2YY9,M,english,4,55,watch,1,Calvin,10001,sharp,10000,0.00704225352113
A14PFRHG0A2YY9,M,english,4,55,electric kettle,2,Alex,50,round,50,0.5
A14PFRHG0A2YY9,M,english,4,55,electric kettle,2,Alex,51,sharp,50,0.5
A14PFRHG0A2YY9,M,english,4,55,electric kettle,2,Alex,500,round,500,0.0
A14PFRHG0A2YY9,M,english,4,55,electric kettle,2,Alex,501,sharp,500,0.0
A14PFRHG0A2YY9,M,english,4,55,electric kettle,2,Alex,1000,round,1000,0.0
A14PFRHG0A2YY9,M,english,4,55,electric kettle,2,Alex,1001,sharp,1000,0.0
A14PFRHG0A2YY9,M,english,4,55,electric kettle,2,Alex,5000,round,5000,0.0
A14PFRHG0A2YY9,M,english,4,55,electric kettle,2,Alex,5001,sharp,5000,0.0
A14PFRHG0A2YY9,M,english,4,55,electric kettle,2,Alex,10000,round,10000,0.0
A14PFRHG0A2YY9,M,english,4,55,electric kettle,2,Alex,10001,sharp,10000,0.0
A14PFRHG0A2YY9,M,english,4,55,laptop,3,Bob,50,round,50,0.0333333333333
A14PFRHG0A2YY9,M,english,4,55,laptop,3,Bob,51,sharp,50,0.0333333333333
A14PFRHG0A2YY9,M,english,4,55,laptop,3,Bob,500,round,500,0.233333333333
A14PFRHG0A2YY9,M,english,4,55,laptop,3,Bob,501,sharp,500,0.233333333333
A14PFRHG0A2YY9,M,english,4,55,laptop,3,Bob,1000,round,1000,0.233333333333
A14PFRHG0A2YY9,M,english,4,55,laptop,3,Bob,1001,sharp,1000,0.233333333333
A14PFRHG0A2YY9,M,english,4,55,laptop,3,Bob,5000,round,5000,0.0
A14PFRHG0A2YY9,M,english,4,55,laptop,3,Bob,5001,sharp,5000,0.0
A14PFRHG0A2YY9,M,english,4,55,laptop,3,Bob,10000,round,10000,0.0
A14PFRHG0A2YY9,M,english,4,55,laptop,3,Bob,10001,sharp,10000,0.0
A26QHAE41IXQNX,F,English,6,35,laptop,1,Alex,50,round,50,0.0
A26QHAE41IXQNX,F,English,6,35,laptop,1,Alex,51,sharp,50,0.0
A26QHAE41IXQNX,F,English,6,35,laptop,1,Alex,500,round,500,0.194630872483
A26QHAE41IXQNX,F,English,6,35,laptop,1,Alex,501,sharp,500,0.181208053691
A26QHAE41IXQNX,F,English,6,35,laptop,1,Alex,1000,round,1000,0.241610738255
A26QHAE41IXQNX,F,English,6,35,laptop,1,Alex,1001,sharp,1000,0.255033557047
A26QHAE41IXQNX,F,English,6,35,laptop,1,Alex,5000,round,5000,0.0604026845638
A26QHAE41IXQNX,F,English,6,35,laptop,1,Alex,5001,sharp,5000,0.0671140939597
A26QHAE41IXQNX,F,English,6,35,laptop,1,Alex,10000,round,10000,0.0
A26QHAE41IXQNX,F,English,6,35,laptop,1,Alex,10001,sharp,10000,0.0
A26QHAE41IXQNX,F,English,6,35,watch,2,Bob,50,round,50,0.124203821656
A26QHAE41IXQNX,F,English,6,35,watch,2,Bob,51,sharp,50,0.127388535032
A26QHAE41IXQNX,F,English,6,35,watch,2,Bob,500,round,500,0.127388535032
A26QHAE41IXQNX,F,English,6,35,watch,2,Bob,501,sharp,500,0.127388535032
A26QHAE41IXQNX,F,English,6,35,watch,2,Bob,1000,round,1000,0.127388535032
A26QHAE41IXQNX,F,English,6,35,watch,2,Bob,1001,sharp,1000,0.127388535032
A26QHAE41IXQNX,F,English,6,35,watch,2,Bob,5000,round,5000,0.0955414012739
A26QHAE41IXQNX,F,English,6,35,watch,2,Bob,5001,sharp,5000,0.0955414012739
A26QHAE41IXQNX,F,English,6,35,watch,2,Bob,10000,round,10000,0.0222929936306
A26QHAE41IXQNX,F,English,6,35,watch,2,Bob,10001,sharp,10000,0.0254777070064
A26QHAE41IXQNX,F,English,6,35,electric kettle,3,Calvin,50,round,50,0.506493506494
A26QHAE41IXQNX,F,English,6,35,electric kettle,3,Calvin,51,sharp,50,0.493506493506
A26QHAE41IXQNX,F,English,6,35,electric kettle,3,Calvin,500,round,500,0.0
A26QHAE41IXQNX,F,English,6,35,electric kettle,3,Calvin,501,sharp,500,0.0
A26QHAE41IXQNX,F,English,6,35,electric kettle,3,Calvin,1000,round,1000,0.0
A26QHAE41IXQNX,F,English,6,35,electric kettle,3,Calvin,1001,sharp,1000,0.0
A26QHAE41IXQNX,F,English,6,35,electric kettle,3,Calvin,5000,round,5000,0.0
A26QHAE41IXQNX,F,English,6,35,electric kettle,3,Calvin,5001,sharp,5000,0.0
A26QHAE41IXQNX,F,English,6,35,electric kettle,3,Calvin,10000,round,10000,0.0
A26QHAE41IXQNX,F,English,6,35,electric kettle,3,Calvin,10001,sharp,10000,0.0
A2V0ADROWMC2ZM,F,English,6,65,watch,1,Bob,50,round,50,0.315217391304
A2V0ADROWMC2ZM,F,English,6,65,watch,1,Bob,51,sharp,50,0.326086956522
A2V0ADROWMC2ZM,F,English,6,65,watch,1,Bob,500,round,500,0.0978260869565
A2V0ADROWMC2ZM,F,English,6,65,watch,1,Bob,501,sharp,500,0.108695652174
A2V0ADROWMC2ZM,F,English,6,65,watch,1,Bob,1000,round,1000,0.054347826087
A2V0ADROWMC2ZM,F,English,6,65,watch,1,Bob,1001,sharp,1000,0.0652173913043
A2V0ADROWMC2ZM,F,English,6,65,watch,1,Bob,5000,round,5000,0.0108695652174
A2V0ADROWMC2ZM,F,English,6,65,watch,1,Bob,5001,sharp,5000,0.0108695652174
A2V0ADROWMC2ZM,F,English,6,65,watch,1,Bob,10000,round,10000,0.0108695652174
A2V0ADROWMC2ZM,F,English,6,65,watch,1,Bob,10001,sharp,10000,0.0
A2V0ADROWMC2ZM,F,English,6,65,electric kettle,2,Calvin,50,round,50,0.475609756098
A2V0ADROWMC2ZM,F,English,6,65,electric kettle,2,Calvin,51,sharp,50,0.475609756098
A2V0ADROWMC2ZM,F,English,6,65,electric kettle,2,Calvin,500,round,500,0.0
A2V0ADROWMC2ZM,F,English,6,65,electric kettle,2,Calvin,501,sharp,500,0.0121951219512
A2V0ADROWMC2ZM,F,English,6,65,electric kettle,2,Calvin,1000,round,1000,0.0121951219512
A2V0ADROWMC2ZM,F,English,6,65,electric kettle,2,Calvin,1001,sharp,1000,0.0
A2V0ADROWMC2ZM,F,English,6,65,electric kettle,2,Calvin,5000,round,5000,0.0
A2V0ADROWMC2ZM,F,English,6,65,electric kettle,2,Calvin,5001,sharp,5000,0.0121951219512
A2V0ADROWMC2ZM,F,English,6,65,electric kettle,2,Calvin,10000,round,10000,0.0121951219512
A2V0ADROWMC2ZM,F,English,6,65,electric kettle,2,Calvin,10001,sharp,10000,0.0
A2V0ADROWMC2ZM,F,English,6,65,laptop,3,Alex,50,round,50,0.0
A2V0ADROWMC2ZM,F,English,6,65,laptop,3,Alex,51,sharp,50,0.00729927007299
A2V0ADROWMC2ZM,F,English,6,65,laptop,3,Alex,500,round,500,0.21897810219
A2V0ADROWMC2ZM,F,English,6,65,laptop,3,Alex,501,sharp,500,0.226277372263
A2V0ADROWMC2ZM,F,English,6,65,laptop,3,Alex,1000,round,1000,0.240875912409
A2V0ADROWMC2ZM,F,English,6,65,laptop,3,Alex,1001,sharp,1000,0.255474452555
A2V0ADROWMC2ZM,F,English,6,65,laptop,3,Alex,5000,round,5000,0.021897810219
A2V0ADROWMC2ZM,F,English,6,65,laptop,3,Alex,5001,sharp,5000,0.021897810219
A2V0ADROWMC2ZM,F,English,6,65,laptop,3,Alex,10000,round,10000,0.0
A2V0ADROWMC2ZM,F,English,6,65,laptop,3,Alex,10001,sharp,10000,0.00729927007299
A2SYRFPPV9WDEG,M,English,4,35,laptop,1,Bob,50,round,50,0.0229007633588
A2SYRFPPV9WDEG,M,English,4,35,laptop,1,Bob,51,sharp,50,0.030534351145
A2SYRFPPV9WDEG,M,English,4,35,laptop,1,Bob,500,round,500,0.229007633588
A2SYRFPPV9WDEG,M,English,4,35,laptop,1,Bob,501,sharp,500,0.236641221374
A2SYRFPPV9WDEG,M,English,4,35,laptop,1,Bob,1000,round,1000,0.236641221374
A2SYRFPPV9WDEG,M,English,4,35,laptop,1,Bob,1001,sharp,1000,0.213740458015
A2SYRFPPV9WDEG,M,English,4,35,laptop,1,Bob,5000,round,5000,0.00763358778626
A2SYRFPPV9WDEG,M,English,4,35,laptop,1,Bob,5001,sharp,5000,0.00763358778626
A2SYRFPPV9WDEG,M,English,4,35,laptop,1,Bob,10000,round,10000,0.00763358778626
A2SYRFPPV9WDEG,M,English,4,35,laptop,1,Bob,10001,sharp,10000,0.00763358778626
A2SYRFPPV9WDEG,M,English,4,35,watch,2,Calvin,50,round,50,0.175572519084
A2SYRFPPV9WDEG,M,English,4,35,watch,2,Calvin,51,sharp,50,0.190839694656
A2SYRFPPV9WDEG,M,English,4,35,watch,2,Calvin,500,round,500,0.175572519084
A2SYRFPPV9WDEG,M,English,4,35,watch,2,Calvin,501,sharp,500,0.152671755725
A2SYRFPPV9WDEG,M,English,4,35,watch,2,Calvin,1000,round,1000,0.12213740458
A2SYRFPPV9WDEG,M,English,4,35,watch,2,Calvin,1001,sharp,1000,0.114503816794
A2SYRFPPV9WDEG,M,English,4,35,watch,2,Calvin,5000,round,5000,0.0229007633588
A2SYRFPPV9WDEG,M,English,4,35,watch,2,Calvin,5001,sharp,5000,0.0152671755725
A2SYRFPPV9WDEG,M,English,4,35,watch,2,Calvin,10000,round,10000,0.0152671755725
A2SYRFPPV9WDEG,M,English,4,35,watch,2,Calvin,10001,sharp,10000,0.0152671755725
A2SYRFPPV9WDEG,M,English,4,35,electric kettle,3,Alex,50,round,50,0.352941176471
A2SYRFPPV9WDEG,M,English,4,35,electric kettle,3,Alex,51,sharp,50,0.362745098039
A2SYRFPPV9WDEG,M,English,4,35,electric kettle,3,Alex,500,round,500,0.127450980392
A2SYRFPPV9WDEG,M,English,4,35,electric kettle,3,Alex,501,sharp,500,0.078431372549
A2SYRFPPV9WDEG,M,English,4,35,electric kettle,3,Alex,1000,round,1000,0.0294117647059
A2SYRFPPV9WDEG,M,English,4,35,electric kettle,3,Alex,1001,sharp,1000,0.00980392156863
A2SYRFPPV9WDEG,M,English,4,35,electric kettle,3,Alex,5000,round,5000,0.00980392156863
A2SYRFPPV9WDEG,M,English,4,35,electric kettle,3,Alex,5001,sharp,5000,0.00980392156863
A2SYRFPPV9WDEG,M,English,4,35,electric kettle,3,Alex,10000,round,10000,0.00980392156863
A2SYRFPPV9WDEG,M,English,4,35,electric kettle,3,Alex,10001,sharp,10000,0.00980392156863
ATJ8M4UR7NGIJ,M,English,8,45,watch,1,Calvin,50,round,50,0.244897959184
ATJ8M4UR7NGIJ,M,English,8,45,watch,1,Calvin,51,sharp,50,0.238095238095
ATJ8M4UR7NGIJ,M,English,8,45,watch,1,Calvin,500,round,500,0.170068027211
ATJ8M4UR7NGIJ,M,English,8,45,watch,1,Calvin,501,sharp,500,0.142857142857
ATJ8M4UR7NGIJ,M,English,8,45,watch,1,Calvin,1000,round,1000,0.108843537415
ATJ8M4UR7NGIJ,M,English,8,45,watch,1,Calvin,1001,sharp,1000,0.0340136054422
ATJ8M4UR7NGIJ,M,English,8,45,watch,1,Calvin,5000,round,5000,0.0204081632653
ATJ8M4UR7NGIJ,M,English,8,45,watch,1,Calvin,5001,sharp,5000,0.0272108843537
ATJ8M4UR7NGIJ,M,English,8,45,watch,1,Calvin,10000,round,10000,0.00680272108844
ATJ8M4UR7NGIJ,M,English,8,45,watch,1,Calvin,10001,sharp,10000,0.00680272108844
ATJ8M4UR7NGIJ,M,English,8,45,electric kettle,2,Alex,50,round,50,0.486486486486
ATJ8M4UR7NGIJ,M,English,8,45,electric kettle,2,Alex,51,sharp,50,0.432432432432
ATJ8M4UR7NGIJ,M,English,8,45,electric kettle,2,Alex,500,round,500,0.0135135135135
ATJ8M4UR7NGIJ,M,English,8,45,electric kettle,2,Alex,501,sharp,500,0.0135135135135
ATJ8M4UR7NGIJ,M,English,8,45,electric kettle,2,Alex,1000,round,1000,0.0
ATJ8M4UR7NGIJ,M,English,8,45,electric kettle,2,Alex,1001,sharp,1000,0.0135135135135
ATJ8M4UR7NGIJ,M,English,8,45,electric kettle,2,Alex,5000,round,5000,0.0135135135135
ATJ8M4UR7NGIJ,M,English,8,45,electric kettle,2,Alex,5001,sharp,5000,0.0135135135135
ATJ8M4UR7NGIJ,M,English,8,45,electric kettle,2,Alex,10000,round,10000,0.0135135135135
ATJ8M4UR7NGIJ,M,English,8,45,electric kettle,2,Alex,10001,sharp,10000,0.0
ATJ8M4UR7NGIJ,M,English,8,45,laptop,3,Bob,50,round,50,0.00751879699248
ATJ8M4UR7NGIJ,M,English,8,45,laptop,3,Bob,51,sharp,50,0.0
ATJ8M4UR7NGIJ,M,English,8,45,laptop,3,Bob,500,round,500,0.218045112782
ATJ8M4UR7NGIJ,M,English,8,45,laptop,3,Bob,501,sharp,500,0.210526315789
ATJ8M4UR7NGIJ,M,English,8,45,laptop,3,Bob,1000,round,1000,0.263157894737
ATJ8M4UR7NGIJ,M,English,8,45,laptop,3,Bob,1001,sharp,1000,0.270676691729
ATJ8M4UR7NGIJ,M,English,8,45,laptop,3,Bob,5000,round,5000,0.00751879699248
ATJ8M4UR7NGIJ,M,English,8,45,laptop,3,Bob,5001,sharp,5000,0.00751879699248
ATJ8M4UR7NGIJ,M,English,8,45,laptop,3,Bob,10000,round,10000,0.00751879699248
ATJ8M4UR7NGIJ,M,English,8,45,laptop,3,Bob,10001,sharp,10000,0.00751879699248
A4G9OTZ1410S2,F,english,4,35,laptop,1,Bob,50,round,50,0.0113636363636
A4G9OTZ1410S2,F,english,4,35,laptop,1,Bob,51,sharp,50,0.0113636363636
A4G9OTZ1410S2,F,english,4,35,laptop,1,Bob,500,round,500,0.363636363636
A4G9OTZ1410S2,F,english,4,35,laptop,1,Bob,501,sharp,500,0.443181818182
A4G9OTZ1410S2,F,english,4,35,laptop,1,Bob,1000,round,1000,0.113636363636
A4G9OTZ1410S2,F,english,4,35,laptop,1,Bob,1001,sharp,1000,0.0113636363636
A4G9OTZ1410S2,F,english,4,35,laptop,1,Bob,5000,round,5000,0.0113636363636
A4G9OTZ1410S2,F,english,4,35,laptop,1,Bob,5001,sharp,5000,0.0113636363636
A4G9OTZ1410S2,F,english,4,35,laptop,1,Bob,10000,round,10000,0.0113636363636
A4G9OTZ1410S2,F,english,4,35,laptop,1,Bob,10001,sharp,10000,0.0113636363636
A4G9OTZ1410S2,F,english,4,35,watch,2,Calvin,50,round,50,0.252173913043
A4G9OTZ1410S2,F,english,4,35,watch,2,Calvin,51,sharp,50,0.339130434783
A4G9OTZ1410S2,F,english,4,35,watch,2,Calvin,500,round,500,0.0869565217391
A4G9OTZ1410S2,F,english,4,35,watch,2,Calvin,501,sharp,500,0.0869565217391
A4G9OTZ1410S2,F,english,4,35,watch,2,Calvin,1000,round,1000,0.0869565217391
A4G9OTZ1410S2,F,english,4,35,watch,2,Calvin,1001,sharp,1000,0.095652173913
A4G9OTZ1410S2,F,english,4,35,watch,2,Calvin,5000,round,5000,0.0173913043478
A4G9OTZ1410S2,F,english,4,35,watch,2,Calvin,5001,sharp,5000,0.0173913043478
A4G9OTZ1410S2,F,english,4,35,watch,2,Calvin,10000,round,10000,0.00869565217391
A4G9OTZ1410S2,F,english,4,35,watch,2,Calvin,10001,sharp,10000,0.00869565217391
A4G9OTZ1410S2,F,english,4,35,electric kettle,3,Alex,50,round,50,0.506493506494
A4G9OTZ1410S2,F,english,4,35,electric kettle,3,Alex,51,sharp,50,0.402597402597
A4G9OTZ1410S2,F,english,4,35,electric kettle,3,Alex,500,round,500,0.012987012987
A4G9OTZ1410S2,F,english,4,35,electric kettle,3,Alex,501,sharp,500,0.012987012987
A4G9OTZ1410S2,F,english,4,35,electric kettle,3,Alex,1000,round,1000,0.012987012987
A4G9OTZ1410S2,F,english,4,35,electric kettle,3,Alex,1001,sharp,1000,0.012987012987
A4G9OTZ1410S2,F,english,4,35,electric kettle,3,Alex,5000,round,5000,0.012987012987
A4G9OTZ1410S2,F,english,4,35,electric kettle,3,Alex,5001,sharp,5000,0.0
A4G9OTZ1410S2,F,english,4,35,electric kettle,3,Alex,10000,round,10000,0.012987012987
A4G9OTZ1410S2,F,english,4,35,electric kettle,3,Alex,10001,sharp,10000,0.012987012987
A379U322YXBRUJ,F,english,0,25,watch,1,Bob,50,round,50,0.185185185185
A379U322YXBRUJ,F,english,0,25,watch,1,Bob,51,sharp,50,0.179012345679
A379U322YXBRUJ,F,english,0,25,watch,1,Bob,500,round,500,0.16049382716
A379U322YXBRUJ,F,english,0,25,watch,1,Bob,501,sharp,500,0.0987654320988
A379U322YXBRUJ,F,english,0,25,watch,1,Bob,1000,round,1000,0.154320987654
A379U322YXBRUJ,F,english,0,25,watch,1,Bob,1001,sharp,1000,0.0925925925926
A379U322YXBRUJ,F,english,0,25,watch,1,Bob,5000,round,5000,0.0308641975309
A379U322YXBRUJ,F,english,0,25,watch,1,Bob,5001,sharp,5000,0.0617283950617
A379U322YXBRUJ,F,english,0,25,watch,1,Bob,10000,round,10000,0.0185185185185
A379U322YXBRUJ,F,english,0,25,watch,1,Bob,10001,sharp,10000,0.0185185185185
A379U322YXBRUJ,F,english,0,25,electric kettle,2,Calvin,50,round,50,0.273381294964
A379U322YXBRUJ,F,english,0,25,electric kettle,2,Calvin,51,sharp,50,0.244604316547
A379U322YXBRUJ,F,english,0,25,electric kettle,2,Calvin,500,round,500,0.143884892086
A379U322YXBRUJ,F,english,0,25,electric kettle,2,Calvin,501,sharp,500,0.143884892086
A379U322YXBRUJ,F,english,0,25,electric kettle,2,Calvin,1000,round,1000,0.0791366906475
A379U322YXBRUJ,F,english,0,25,electric kettle,2,Calvin,1001,sharp,1000,0.0719424460432
A379U322YXBRUJ,F,english,0,25,electric kettle,2,Calvin,5000,round,5000,0.0143884892086
A379U322YXBRUJ,F,english,0,25,electric kettle,2,Calvin,5001,sharp,5000,0.00719424460432
A379U322YXBRUJ,F,english,0,25,electric kettle,2,Calvin,10000,round,10000,0.00719424460432
A379U322YXBRUJ,F,english,0,25,electric kettle,2,Calvin,10001,sharp,10000,0.0143884892086
A379U322YXBRUJ,F,english,0,25,laptop,3,Alex,50,round,50,0.0287081339713
A379U322YXBRUJ,F,english,0,25,laptop,3,Alex,51,sharp,50,0.0239234449761
A379U322YXBRUJ,F,english,0,25,laptop,3,Alex,500,round,500,0.0956937799043
A379U322YXBRUJ,F,english,0,25,laptop,3,Alex,501,sharp,500,0.11004784689
A379U322YXBRUJ,F,english,0,25,laptop,3,Alex,1000,round,1000,0.186602870813
A379U322YXBRUJ,F,english,0,25,laptop,3,Alex,1001,sharp,1000,0.186602870813
A379U322YXBRUJ,F,english,0,25,laptop,3,Alex,5000,round,5000,0.143540669856
A379U322YXBRUJ,F,english,0,25,laptop,3,Alex,5001,sharp,5000,0.153110047847
A379U322YXBRUJ,F,english,0,25,laptop,3,Alex,10000,round,10000,0.0430622009569
A379U322YXBRUJ,F,english,0,25,laptop,3,Alex,10001,sharp,10000,0.0287081339713
A3LR6R0ZWHIF0C,F,English,4,35,watch,1,Alex,50,round,50,0.188679245283
A3LR6R0ZWHIF0C,F,English,4,35,watch,1,Alex,51,sharp,50,0.182389937107
A3LR6R0ZWHIF0C,F,English,4,35,watch,1,Alex,500,round,500,0.163522012579
A3LR6R0ZWHIF0C,F,English,4,35,watch,1,Alex,501,sharp,500,0.157232704403
A3LR6R0ZWHIF0C,F,English,4,35,watch,1,Alex,1000,round,1000,0.0880503144654
A3LR6R0ZWHIF0C,F,English,4,35,watch,1,Alex,1001,sharp,1000,0.0691823899371
A3LR6R0ZWHIF0C,F,English,4,35,watch,1,Alex,5000,round,5000,0.0566037735849
A3LR6R0ZWHIF0C,F,English,4,35,watch,1,Alex,5001,sharp,5000,0.0440251572327
A3LR6R0ZWHIF0C,F,English,4,35,watch,1,Alex,10000,round,10000,0.0251572327044
A3LR6R0ZWHIF0C,F,English,4,35,watch,1,Alex,10001,sharp,10000,0.0251572327044
A3LR6R0ZWHIF0C,F,English,4,35,electric kettle,2,Bob,50,round,50,0.208695652174
A3LR6R0ZWHIF0C,F,English,4,35,electric kettle,2,Bob,51,sharp,50,0.208695652174
A3LR6R0ZWHIF0C,F,English,4,35,electric kettle,2,Bob,500,round,500,0.121739130435
A3LR6R0ZWHIF0C,F,English,4,35,electric kettle,2,Bob,501,sharp,500,0.095652173913
A3LR6R0ZWHIF0C,F,English,4,35,electric kettle,2,Bob,1000,round,1000,0.0521739130435
A3LR6R0ZWHIF0C,F,English,4,35,electric kettle,2,Bob,1001,sharp,1000,0.0521739130435
A3LR6R0ZWHIF0C,F,English,4,35,electric kettle,2,Bob,5000,round,5000,0.0434782608696
A3LR6R0ZWHIF0C,F,English,4,35,electric kettle,2,Bob,5001,sharp,5000,0.0347826086957
A3LR6R0ZWHIF0C,F,English,4,35,electric kettle,2,Bob,10000,round,10000,0.00869565217391
A3LR6R0ZWHIF0C,F,English,4,35,electric kettle,2,Bob,10001,sharp,10000,0.173913043478
A3LR6R0ZWHIF0C,F,English,4,35,laptop,3,Calvin,50,round,50,0.0181818181818
A3LR6R0ZWHIF0C,F,English,4,35,laptop,3,Calvin,51,sharp,50,0.0181818181818
A3LR6R0ZWHIF0C,F,English,4,35,laptop,3,Calvin,500,round,500,0.218181818182
A3LR6R0ZWHIF0C,F,English,4,35,laptop,3,Calvin,501,sharp,500,0.227272727273
A3LR6R0ZWHIF0C,F,English,4,35,laptop,3,Calvin,1000,round,1000,0.1
A3LR6R0ZWHIF0C,F,English,4,35,laptop,3,Calvin,1001,sharp,1000,0.0727272727273
A3LR6R0ZWHIF0C,F,English,4,35,laptop,3,Calvin,5000,round,5000,0.0909090909091
A3LR6R0ZWHIF0C,F,English,4,35,laptop,3,Calvin,5001,sharp,5000,0.0818181818182
A3LR6R0ZWHIF0C,F,English,4,35,laptop,3,Calvin,10000,round,10000,0.0818181818182
A3LR6R0ZWHIF0C,F,English,4,35,laptop,3,Calvin,10001,sharp,10000,0.0909090909091
A113IOM3ACFXGR,F,English,6,35,watch,1,Alex,50,round,50,0.106951871658
A113IOM3ACFXGR,F,English,6,35,watch,1,Alex,51,sharp,50,0.0802139037433
A113IOM3ACFXGR,F,English,6,35,watch,1,Alex,500,round,500,0.155080213904
A113IOM3ACFXGR,F,English,6,35,watch,1,Alex,501,sharp,500,0.213903743316
A113IOM3ACFXGR,F,English,6,35,watch,1,Alex,1000,round,1000,0.133689839572
A113IOM3ACFXGR,F,English,6,35,watch,1,Alex,1001,sharp,1000,0.160427807487
A113IOM3ACFXGR,F,English,6,35,watch,1,Alex,5000,round,5000,0.0588235294118
A113IOM3ACFXGR,F,English,6,35,watch,1,Alex,5001,sharp,5000,0.0909090909091
A113IOM3ACFXGR,F,English,6,35,watch,1,Alex,10000,round,10000,0.0
A113IOM3ACFXGR,F,English,6,35,watch,1,Alex,10001,sharp,10000,0.0
A113IOM3ACFXGR,F,English,6,35,electric kettle,2,Bob,50,round,50,0.425531914894
A113IOM3ACFXGR,F,English,6,35,electric kettle,2,Bob,51,sharp,50,0.425531914894
A113IOM3ACFXGR,F,English,6,35,electric kettle,2,Bob,500,round,500,0.0531914893617
A113IOM3ACFXGR,F,English,6,35,electric kettle,2,Bob,501,sharp,500,0.0957446808511
A113IOM3ACFXGR,F,English,6,35,electric kettle,2,Bob,1000,round,1000,0.0
A113IOM3ACFXGR,F,English,6,35,electric kettle,2,Bob,1001,sharp,1000,0.0
A113IOM3ACFXGR,F,English,6,35,electric kettle,2,Bob,5000,round,5000,0.0
A113IOM3ACFXGR,F,English,6,35,electric kettle,2,Bob,5001,sharp,5000,0.0
A113IOM3ACFXGR,F,English,6,35,electric kettle,2,Bob,10000,round,10000,0.0
A113IOM3ACFXGR,F,English,6,35,electric kettle,2,Bob,10001,sharp,10000,0.0
A113IOM3ACFXGR,F,English,6,35,laptop,3,Calvin,50,round,50,0.035
A113IOM3ACFXGR,F,English,6,35,laptop,3,Calvin,51,sharp,50,0.015
A113IOM3ACFXGR,F,English,6,35,laptop,3,Calvin,500,round,500,0.175
A113IOM3ACFXGR,F,English,6,35,laptop,3,Calvin,501,sharp,500,0.18
A113IOM3ACFXGR,F,English,6,35,laptop,3,Calvin,1000,round,1000,0.2
A113IOM3ACFXGR,F,English,6,35,laptop,3,Calvin,1001,sharp,1000,0.18
A113IOM3ACFXGR,F,English,6,35,laptop,3,Calvin,5000,round,5000,0.07
A113IOM3ACFXGR,F,English,6,35,laptop,3,Calvin,5001,sharp,5000,0.06
A113IOM3ACFXGR,F,English,6,35,laptop,3,Calvin,10000,round,10000,0.045
A113IOM3ACFXGR,F,English,6,35,laptop,3,Calvin,10001,sharp,10000,0.04
A2HT6JCMYXK4XP,M,English,4,25,watch,1,Bob,50,round,50,0.0757575757576
A2HT6JCMYXK4XP,M,English,4,25,watch,1,Bob,51,sharp,50,0.151515151515
A2HT6JCMYXK4XP,M,English,4,25,watch,1,Bob,500,round,500,0.227272727273
A2HT6JCMYXK4XP,M,English,4,25,watch,1,Bob,501,sharp,500,0.113636363636
A2HT6JCMYXK4XP,M,English,4,25,watch,1,Bob,1000,round,1000,0.0984848484848
A2HT6JCMYXK4XP,M,English,4,25,watch,1,Bob,1001,sharp,1000,0.0833333333333
A2HT6JCMYXK4XP,M,English,4,25,watch,1,Bob,5000,round,5000,0.0833333333333
A2HT6JCMYXK4XP,M,English,4,25,watch,1,Bob,5001,sharp,5000,0.0833333333333
A2HT6JCMYXK4XP,M,English,4,25,watch,1,Bob,10000,round,10000,0.0530303030303
A2HT6JCMYXK4XP,M,English,4,25,watch,1,Bob,10001,sharp,10000,0.030303030303
A2HT6JCMYXK4XP,M,English,4,25,electric kettle,2,Calvin,50,round,50,0.52
A2HT6JCMYXK4XP,M,English,4,25,electric kettle,2,Calvin,51,sharp,50,0.373333333333
A2HT6JCMYXK4XP,M,English,4,25,electric kettle,2,Calvin,500,round,500,0.0533333333333
A2HT6JCMYXK4XP,M,English,4,25,electric kettle,2,Calvin,501,sharp,500,0.0533333333333
A2HT6JCMYXK4XP,M,English,4,25,electric kettle,2,Calvin,1000,round,1000,0.0
A2HT6JCMYXK4XP,M,English,4,25,electric kettle,2,Calvin,1001,sharp,1000,0.0
A2HT6JCMYXK4XP,M,English,4,25,electric kettle,2,Calvin,5000,round,5000,0.0
A2HT6JCMYXK4XP,M,English,4,25,electric kettle,2,Calvin,5001,sharp,5000,0.0
A2HT6JCMYXK4XP,M,English,4,25,electric kettle,2,Calvin,10000,round,10000,0.0
A2HT6JCMYXK4XP,M,English,4,25,electric kettle,2,Calvin,10001,sharp,10000,0.0
A2HT6JCMYXK4XP,M,English,4,25,laptop,3,Alex,50,round,50,0.0
A2HT6JCMYXK4XP,M,English,4,25,laptop,3,Alex,51,sharp,50,0.0
A2HT6JCMYXK4XP,M,English,4,25,laptop,3,Alex,500,round,500,0.192546583851
A2HT6JCMYXK4XP,M,English,4,25,laptop,3,Alex,501,sharp,500,0.180124223602
A2HT6JCMYXK4XP,M,English,4,25,laptop,3,Alex,1000,round,1000,0.223602484472
A2HT6JCMYXK4XP,M,English,4,25,laptop,3,Alex,1001,sharp,1000,0.223602484472
A2HT6JCMYXK4XP,M,English,4,25,laptop,3,Alex,5000,round,5000,0.0745341614907
A2HT6JCMYXK4XP,M,English,4,25,laptop,3,Alex,5001,sharp,5000,0.055900621118
A2HT6JCMYXK4XP,M,English,4,25,laptop,3,Alex,10000,round,10000,0.0248447204969
A2HT6JCMYXK4XP,M,English,4,25,laptop,3,Alex,10001,sharp,10000,0.0248447204969
A1C19XPG91AIXX,F,English,4,35,laptop,1,Calvin,50,round,50,0.0
A1C19XPG91AIXX,F,English,4,35,laptop,1,Calvin,51,sharp,50,0.0
A1C19XPG91AIXX,F,English,4,35,laptop,1,Calvin,500,round,500,0.384615384615
A1C19XPG91AIXX,F,English,4,35,laptop,1,Calvin,501,sharp,500,0.115384615385
A1C19XPG91AIXX,F,English,4,35,laptop,1,Calvin,1000,round,1000,0.320512820513
A1C19XPG91AIXX,F,English,4,35,laptop,1,Calvin,1001,sharp,1000,0.102564102564
A1C19XPG91AIXX,F,English,4,35,laptop,1,Calvin,5000,round,5000,0.0384615384615
A1C19XPG91AIXX,F,English,4,35,laptop,1,Calvin,5001,sharp,5000,0.0384615384615
A1C19XPG91AIXX,F,English,4,35,laptop,1,Calvin,10000,round,10000,0.0
A1C19XPG91AIXX,F,English,4,35,laptop,1,Calvin,10001,sharp,10000,0.0
A1C19XPG91AIXX,F,English,4,35,watch,2,Alex,50,round,50,0.242424242424
A1C19XPG91AIXX,F,English,4,35,watch,2,Alex,51,sharp,50,0.227272727273
A1C19XPG91AIXX,F,English,4,35,watch,2,Alex,500,round,500,0.166666666667
A1C19XPG91AIXX,F,English,4,35,watch,2,Alex,501,sharp,500,0.166666666667
A1C19XPG91AIXX,F,English,4,35,watch,2,Alex,1000,round,1000,0.0909090909091
A1C19XPG91AIXX,F,English,4,35,watch,2,Alex,1001,sharp,1000,0.0454545454545
A1C19XPG91AIXX,F,English,4,35,watch,2,Alex,5000,round,5000,0.030303030303
A1C19XPG91AIXX,F,English,4,35,watch,2,Alex,5001,sharp,5000,0.030303030303
A1C19XPG91AIXX,F,English,4,35,watch,2,Alex,10000,round,10000,0.0
A1C19XPG91AIXX,F,English,4,35,watch,2,Alex,10001,sharp,10000,0.0
A1C19XPG91AIXX,F,English,4,35,electric kettle,3,Bob,50,round,50,0.514285714286
A1C19XPG91AIXX,F,English,4,35,electric kettle,3,Bob,51,sharp,50,0.485714285714
A1C19XPG91AIXX,F,English,4,35,electric kettle,3,Bob,500,round,500,0.0
A1C19XPG91AIXX,F,English,4,35,electric kettle,3,Bob,501,sharp,500,0.0
A1C19XPG91AIXX,F,English,4,35,electric kettle,3,Bob,1000,round,1000,0.0
A1C19XPG91AIXX,F,English,4,35,electric kettle,3,Bob,1001,sharp,1000,0.0
A1C19XPG91AIXX,F,English,4,35,electric kettle,3,Bob,5000,round,5000,0.0
A1C19XPG91AIXX,F,English,4,35,electric kettle,3,Bob,5001,sharp,5000,0.0
A1C19XPG91AIXX,F,English,4,35,electric kettle,3,Bob,10000,round,10000,0.0
A1C19XPG91AIXX,F,English,4,35,electric kettle,3,Bob,10001,sharp,10000,0.0
A1VJAEPNA6YARO,F,English,4,35,watch,1,Bob,50,round,50,0.33734939759
A1VJAEPNA6YARO,F,English,4,35,watch,1,Bob,51,sharp,50,0.349397590361
A1VJAEPNA6YARO,F,English,4,35,watch,1,Bob,500,round,500,0.132530120482
A1VJAEPNA6YARO,F,English,4,35,watch,1,Bob,501,sharp,500,0.120481927711
A1VJAEPNA6YARO,F,English,4,35,watch,1,Bob,1000,round,1000,0.0120481927711
A1VJAEPNA6YARO,F,English,4,35,watch,1,Bob,1001,sharp,1000,0.0120481927711
A1VJAEPNA6YARO,F,English,4,35,watch,1,Bob,5000,round,5000,0.0120481927711
A1VJAEPNA6YARO,F,English,4,35,watch,1,Bob,5001,sharp,5000,0.0120481927711
A1VJAEPNA6YARO,F,English,4,35,watch,1,Bob,10000,round,10000,0.0120481927711
A1VJAEPNA6YARO,F,English,4,35,watch,1,Bob,10001,sharp,10000,0.0
A1VJAEPNA6YARO,F,English,4,35,electric kettle,2,Calvin,50,round,50,0.701754385965
A1VJAEPNA6YARO,F,English,4,35,electric kettle,2,Calvin,51,sharp,50,0.19298245614
A1VJAEPNA6YARO,F,English,4,35,electric kettle,2,Calvin,500,round,500,0.0175438596491
A1VJAEPNA6YARO,F,English,4,35,electric kettle,2,Calvin,501,sharp,500,0.0175438596491
A1VJAEPNA6YARO,F,English,4,35,electric kettle,2,Calvin,1000,round,1000,0.0175438596491
A1VJAEPNA6YARO,F,English,4,35,electric kettle,2,Calvin,1001,sharp,1000,0.0175438596491
A1VJAEPNA6YARO,F,English,4,35,electric kettle,2,Calvin,5000,round,5000,0.0
A1VJAEPNA6YARO,F,English,4,35,electric kettle,2,Calvin,5001,sharp,5000,0.0175438596491
A1VJAEPNA6YARO,F,English,4,35,electric kettle,2,Calvin,10000,round,10000,0.0175438596491
A1VJAEPNA6YARO,F,English,4,35,electric kettle,2,Calvin,10001,sharp,10000,0.0
A1VJAEPNA6YARO,F,English,4,35,laptop,3,Alex,50,round,50,0.00751879699248
A1VJAEPNA6YARO,F,English,4,35,laptop,3,Alex,51,sharp,50,0.0
A1VJAEPNA6YARO,F,English,4,35,laptop,3,Alex,500,round,500,0.293233082707
A1VJAEPNA6YARO,F,English,4,35,laptop,3,Alex,501,sharp,500,0.218045112782
A1VJAEPNA6YARO,F,English,4,35,laptop,3,Alex,1000,round,1000,0.218045112782
A1VJAEPNA6YARO,F,English,4,35,laptop,3,Alex,1001,sharp,1000,0.225563909774
A1VJAEPNA6YARO,F,English,4,35,laptop,3,Alex,5000,round,5000,0.015037593985
A1VJAEPNA6YARO,F,English,4,35,laptop,3,Alex,5001,sharp,5000,0.00751879699248
A1VJAEPNA6YARO,F,English,4,35,laptop,3,Alex,10000,round,10000,0.00751879699248
A1VJAEPNA6YARO,F,English,4,35,laptop,3,Alex,10001,sharp,10000,0.00751879699248
A3PDOZ6I8PE9ZK,F,English,10,45,watch,1,Calvin,50,round,50,0.381578947368
A3PDOZ6I8PE9ZK,F,English,10,45,watch,1,Calvin,51,sharp,50,0.421052631579
A3PDOZ6I8PE9ZK,F,English,10,45,watch,1,Calvin,500,round,500,0.0263157894737
A3PDOZ6I8PE9ZK,F,English,10,45,watch,1,Calvin,501,sharp,500,0.0394736842105
A3PDOZ6I8PE9ZK,F,English,10,45,watch,1,Calvin,1000,round,1000,0.0394736842105
A3PDOZ6I8PE9ZK,F,English,10,45,watch,1,Calvin,1001,sharp,1000,0.0263157894737
A3PDOZ6I8PE9ZK,F,English,10,45,watch,1,Calvin,5000,round,5000,0.0263157894737
A3PDOZ6I8PE9ZK,F,English,10,45,watch,1,Calvin,5001,sharp,5000,0.0131578947368
A3PDOZ6I8PE9ZK,F,English,10,45,watch,1,Calvin,10000,round,10000,0.0131578947368
A3PDOZ6I8PE9ZK,F,English,10,45,watch,1,Calvin,10001,sharp,10000,0.0131578947368
A3PDOZ6I8PE9ZK,F,English,10,45,electric kettle,2,Alex,50,round,50,0.37037037037
A3PDOZ6I8PE9ZK,F,English,10,45,electric kettle,2,Alex,51,sharp,50,0.37037037037
A3PDOZ6I8PE9ZK,F,English,10,45,electric kettle,2,Alex,500,round,500,0.037037037037
A3PDOZ6I8PE9ZK,F,English,10,45,electric kettle,2,Alex,501,sharp,500,0.0
A3PDOZ6I8PE9ZK,F,English,10,45,electric kettle,2,Alex,1000,round,1000,0.037037037037
A3PDOZ6I8PE9ZK,F,English,10,45,electric kettle,2,Alex,1001,sharp,1000,0.037037037037
A3PDOZ6I8PE9ZK,F,English,10,45,electric kettle,2,Alex,5000,round,5000,0.037037037037
A3PDOZ6I8PE9ZK,F,English,10,45,electric kettle,2,Alex,5001,sharp,5000,0.037037037037
A3PDOZ6I8PE9ZK,F,English,10,45,electric kettle,2,Alex,10000,round,10000,0.037037037037
A3PDOZ6I8PE9ZK,F,English,10,45,electric kettle,2,Alex,10001,sharp,10000,0.037037037037
A3PDOZ6I8PE9ZK,F,English,10,45,laptop,3,Bob,50,round,50,0.00763358778626
A3PDOZ6I8PE9ZK,F,English,10,45,laptop,3,Bob,51,sharp,50,0.00763358778626
A3PDOZ6I8PE9ZK,F,English,10,45,laptop,3,Bob,500,round,500,0.24427480916
A3PDOZ6I8PE9ZK,F,English,10,45,laptop,3,Bob,501,sharp,500,0.259541984733
A3PDOZ6I8PE9ZK,F,English,10,45,laptop,3,Bob,1000,round,1000,0.229007633588
A3PDOZ6I8PE9ZK,F,English,10,45,laptop,3,Bob,1001,sharp,1000,0.221374045802
A3PDOZ6I8PE9ZK,F,English,10,45,laptop,3,Bob,5000,round,5000,0.00763358778626
A3PDOZ6I8PE9ZK,F,English,10,45,laptop,3,Bob,5001,sharp,5000,0.00763358778626
A3PDOZ6I8PE9ZK,F,English,10,45,laptop,3,Bob,10000,round,10000,0.00763358778626
A3PDOZ6I8PE9ZK,F,English,10,45,laptop,3,Bob,10001,sharp,10000,0.00763358778626
A1OLRUT93TXWEP,M,English,0,35,watch,1,Bob,50,round,50,0.266666666667
A1OLRUT93TXWEP,M,English,0,35,watch,1,Bob,51,sharp,50,0.288888888889
A1OLRUT93TXWEP,M,English,0,35,watch,1,Bob,500,round,500,0.144444444444
A1OLRUT93TXWEP,M,English,0,35,watch,1,Bob,501,sharp,500,0.133333333333
A1OLRUT93TXWEP,M,English,0,35,watch,1,Bob,1000,round,1000,0.0777777777778
A1OLRUT93TXWEP,M,English,0,35,watch,1,Bob,1001,sharp,1000,0.0666666666667
A1OLRUT93TXWEP,M,English,0,35,watch,1,Bob,5000,round,5000,0.0222222222222
A1OLRUT93TXWEP,M,English,0,35,watch,1,Bob,5001,sharp,5000,0.0
A1OLRUT93TXWEP,M,English,0,35,watch,1,Bob,10000,round,10000,0.0
A1OLRUT93TXWEP,M,English,0,35,watch,1,Bob,10001,sharp,10000,0.0
A1OLRUT93TXWEP,M,English,0,35,electric kettle,2,Calvin,50,round,50,0.222222222222
A1OLRUT93TXWEP,M,English,0,35,electric kettle,2,Calvin,51,sharp,50,0.222222222222
A1OLRUT93TXWEP,M,English,0,35,electric kettle,2,Calvin,500,round,500,0.177777777778
A1OLRUT93TXWEP,M,English,0,35,electric kettle,2,Calvin,501,sharp,500,0.177777777778
A1OLRUT93TXWEP,M,English,0,35,electric kettle,2,Calvin,1000,round,1000,0.0888888888889
A1OLRUT93TXWEP,M,English,0,35,electric kettle,2,Calvin,1001,sharp,1000,0.0888888888889
A1OLRUT93TXWEP,M,English,0,35,electric kettle,2,Calvin,5000,round,5000,0.0111111111111
A1OLRUT93TXWEP,M,English,0,35,electric kettle,2,Calvin,5001,sharp,5000,0.0111111111111
A1OLRUT93TXWEP,M,English,0,35,electric kettle,2,Calvin,10000,round,10000,0.0
A1OLRUT93TXWEP,M,English,0,35,electric kettle,2,Calvin,10001,sharp,10000,0.0
A1OLRUT93TXWEP,M,English,0,35,laptop,3,Alex,50,round,50,0.0322580645161
A1OLRUT93TXWEP,M,English,0,35,laptop,3,Alex,51,sharp,50,0.0430107526882
A1OLRUT93TXWEP,M,English,0,35,laptop,3,Alex,500,round,500,0.150537634409
A1OLRUT93TXWEP,M,English,0,35,laptop,3,Alex,501,sharp,500,0.139784946237
A1OLRUT93TXWEP,M,English,0,35,laptop,3,Alex,1000,round,1000,0.311827956989
A1OLRUT93TXWEP,M,English,0,35,laptop,3,Alex,1001,sharp,1000,0.290322580645
A1OLRUT93TXWEP,M,English,0,35,laptop,3,Alex,5000,round,5000,0.010752688172
A1OLRUT93TXWEP,M,English,0,35,laptop,3,Alex,5001,sharp,5000,0.010752688172
A1OLRUT93TXWEP,M,English,0,35,laptop,3,Alex,10000,round,10000,0.0
A1OLRUT93TXWEP,M,English,0,35,laptop,3,Alex,10001,sharp,10000,0.010752688172
A1TE2HRRL0B2LL,F,English,4,25,watch,1,Bob,50,round,50,0.438202247191
A1TE2HRRL0B2LL,F,English,4,25,watch,1,Bob,51,sharp,50,0.449438202247
A1TE2HRRL0B2LL,F,English,4,25,watch,1,Bob,500,round,500,0.0224719101124
A1TE2HRRL0B2LL,F,English,4,25,watch,1,Bob,501,sharp,500,0.0224719101124
A1TE2HRRL0B2LL,F,English,4,25,watch,1,Bob,1000,round,1000,0.0112359550562
A1TE2HRRL0B2LL,F,English,4,25,watch,1,Bob,1001,sharp,1000,0.0112359550562
A1TE2HRRL0B2LL,F,English,4,25,watch,1,Bob,5000,round,5000,0.0112359550562
A1TE2HRRL0B2LL,F,English,4,25,watch,1,Bob,5001,sharp,5000,0.0112359550562
A1TE2HRRL0B2LL,F,English,4,25,watch,1,Bob,10000,round,10000,0.0112359550562
A1TE2HRRL0B2LL,F,English,4,25,watch,1,Bob,10001,sharp,10000,0.0112359550562
A1TE2HRRL0B2LL,F,English,4,25,electric kettle,2,Calvin,50,round,50,0.428571428571
A1TE2HRRL0B2LL,F,English,4,25,electric kettle,2,Calvin,51,sharp,50,0.395604395604
A1TE2HRRL0B2LL,F,English,4,25,electric kettle,2,Calvin,500,round,500,0.021978021978
A1TE2HRRL0B2LL,F,English,4,25,electric kettle,2,Calvin,501,sharp,500,0.021978021978
A1TE2HRRL0B2LL,F,English,4,25,electric kettle,2,Calvin,1000,round,1000,0.010989010989
A1TE2HRRL0B2LL,F,English,4,25,electric kettle,2,Calvin,1001,sharp,1000,0.021978021978
A1TE2HRRL0B2LL,F,English,4,25,electric kettle,2,Calvin,5000,round,5000,0.021978021978
A1TE2HRRL0B2LL,F,English,4,25,electric kettle,2,Calvin,5001,sharp,5000,0.021978021978
A1TE2HRRL0B2LL,F,English,4,25,electric kettle,2,Calvin,10000,round,10000,0.021978021978
A1TE2HRRL0B2LL,F,English,4,25,electric kettle,2,Calvin,10001,sharp,10000,0.032967032967
A1TE2HRRL0B2LL,F,English,4,25,laptop,3,Alex,50,round,50,0.0106382978723
A1TE2HRRL0B2LL,F,English,4,25,laptop,3,Alex,51,sharp,50,0.00531914893617
A1TE2HRRL0B2LL,F,English,4,25,laptop,3,Alex,500,round,500,0.202127659574
A1TE2HRRL0B2LL,F,English,4,25,laptop,3,Alex,501,sharp,500,0.212765957447
A1TE2HRRL0B2LL,F,English,4,25,laptop,3,Alex,1000,round,1000,0.207446808511
A1TE2HRRL0B2LL,F,English,4,25,laptop,3,Alex,1001,sharp,1000,0.202127659574
A1TE2HRRL0B2LL,F,English,4,25,laptop,3,Alex,5000,round,5000,0.148936170213
A1TE2HRRL0B2LL,F,English,4,25,laptop,3,Alex,5001,sharp,5000,0.00531914893617
A1TE2HRRL0B2LL,F,English,4,25,laptop,3,Alex,10000,round,10000,0.0
A1TE2HRRL0B2LL,F,English,4,25,laptop,3,Alex,10001,sharp,10000,0.00531914893617
A1WJ1S1LXP47NH,F,English,4,35,laptop,1,Bob,50,round,50,0.235294117647
A1WJ1S1LXP47NH,F,English,4,35,laptop,1,Bob,51,sharp,50,0.235294117647
A1WJ1S1LXP47NH,F,English,4,35,laptop,1,Bob,500,round,500,0.176470588235
A1WJ1S1LXP47NH,F,English,4,35,laptop,1,Bob,501,sharp,500,0.235294117647
A1WJ1S1LXP47NH,F,English,4,35,laptop,1,Bob,1000,round,1000,0.0588235294118
A1WJ1S1LXP47NH,F,English,4,35,laptop,1,Bob,1001,sharp,1000,0.0588235294118
A1WJ1S1LXP47NH,F,English,4,35,laptop,1,Bob,5000,round,5000,0.0
A1WJ1S1LXP47NH,F,English,4,35,laptop,1,Bob,5001,sharp,5000,0.0
A1WJ1S1LXP47NH,F,English,4,35,laptop,1,Bob,10000,round,10000,0.0
A1WJ1S1LXP47NH,F,English,4,35,laptop,1,Bob,10001,sharp,10000,0.0
A1WJ1S1LXP47NH,F,English,4,35,watch,2,Calvin,50,round,50,0.285714285714
A1WJ1S1LXP47NH,F,English,4,35,watch,2,Calvin,51,sharp,50,0.285714285714
A1WJ1S1LXP47NH,F,English,4,35,watch,2,Calvin,500,round,500,0.142857142857
A1WJ1S1LXP47NH,F,English,4,35,watch,2,Calvin,501,sharp,500,0.0642857142857
A1WJ1S1LXP47NH,F,English,4,35,watch,2,Calvin,1000,round,1000,0.0642857142857
A1WJ1S1LXP47NH,F,English,4,35,watch,2,Calvin,1001,sharp,1000,0.0571428571429
A1WJ1S1LXP47NH,F,English,4,35,watch,2,Calvin,5000,round,5000,0.0428571428571
A1WJ1S1LXP47NH,F,English,4,35,watch,2,Calvin,5001,sharp,5000,0.0285714285714
A1WJ1S1LXP47NH,F,English,4,35,watch,2,Calvin,10000,round,10000,0.0214285714286
A1WJ1S1LXP47NH,F,English,4,35,watch,2,Calvin,10001,sharp,10000,0.00714285714286
A1WJ1S1LXP47NH,F,English,4,35,electric kettle,3,Alex,50,round,50,0.454545454545
A1WJ1S1LXP47NH,F,English,4,35,electric kettle,3,Alex,51,sharp,50,0.393939393939
A1WJ1S1LXP47NH,F,English,4,35,electric kettle,3,Alex,500,round,500,0.0606060606061
A1WJ1S1LXP47NH,F,English,4,35,electric kettle,3,Alex,501,sharp,500,0.0909090909091
A1WJ1S1LXP47NH,F,English,4,35,electric kettle,3,Alex,1000,round,1000,0.0
A1WJ1S1LXP47NH,F,English,4,35,electric kettle,3,Alex,1001,sharp,1000,0.0
A1WJ1S1LXP47NH,F,English,4,35,electric kettle,3,Alex,5000,round,5000,0.0
A1WJ1S1LXP47NH,F,English,4,35,electric kettle,3,Alex,5001,sharp,5000,0.0
A1WJ1S1LXP47NH,F,English,4,35,electric kettle,3,Alex,10000,round,10000,0.0
A1WJ1S1LXP47NH,F,English,4,35,electric kettle,3,Alex,10001,sharp,10000,0.0
AW8MS3KBOFRAS,F,english,4,35,laptop,1,Calvin,50,round,50,0.0106382978723
AW8MS3KBOFRAS,F,english,4,35,laptop,1,Calvin,51,sharp,50,0.0106382978723
AW8MS3KBOFRAS,F,english,4,35,laptop,1,Calvin,500,round,500,0.297872340426
AW8MS3KBOFRAS,F,english,4,35,laptop,1,Calvin,501,sharp,500,0.308510638298
AW8MS3KBOFRAS,F,english,4,35,laptop,1,Calvin,1000,round,1000,0.106382978723
AW8MS3KBOFRAS,F,english,4,35,laptop,1,Calvin,1001,sharp,1000,0.117021276596
AW8MS3KBOFRAS,F,english,4,35,laptop,1,Calvin,5000,round,5000,0.063829787234
AW8MS3KBOFRAS,F,english,4,35,laptop,1,Calvin,5001,sharp,5000,0.063829787234
AW8MS3KBOFRAS,F,english,4,35,laptop,1,Calvin,10000,round,10000,0.0106382978723
AW8MS3KBOFRAS,F,english,4,35,laptop,1,Calvin,10001,sharp,10000,0.0106382978723
AW8MS3KBOFRAS,F,english,4,35,watch,2,Alex,50,round,50,0.253246753247
AW8MS3KBOFRAS,F,english,4,35,watch,2,Alex,51,sharp,50,0.253246753247
AW8MS3KBOFRAS,F,english,4,35,watch,2,Alex,500,round,500,0.0844155844156
AW8MS3KBOFRAS,F,english,4,35,watch,2,Alex,501,sharp,500,0.0909090909091
AW8MS3KBOFRAS,F,english,4,35,watch,2,Alex,1000,round,1000,0.0714285714286
AW8MS3KBOFRAS,F,english,4,35,watch,2,Alex,1001,sharp,1000,0.0714285714286
AW8MS3KBOFRAS,F,english,4,35,watch,2,Alex,5000,round,5000,0.0519480519481
AW8MS3KBOFRAS,F,english,4,35,watch,2,Alex,5001,sharp,5000,0.0584415584416
AW8MS3KBOFRAS,F,english,4,35,watch,2,Alex,10000,round,10000,0.0324675324675
AW8MS3KBOFRAS,F,english,4,35,watch,2,Alex,10001,sharp,10000,0.0324675324675
AW8MS3KBOFRAS,F,english,4,35,electric kettle,3,Bob,50,round,50,0.353982300885
AW8MS3KBOFRAS,F,english,4,35,electric kettle,3,Bob,51,sharp,50,0.336283185841
AW8MS3KBOFRAS,F,english,4,35,electric kettle,3,Bob,500,round,500,0.115044247788
AW8MS3KBOFRAS,F,english,4,35,electric kettle,3,Bob,501,sharp,500,0.115044247788
AW8MS3KBOFRAS,F,english,4,35,electric kettle,3,Bob,1000,round,1000,0.0176991150442
AW8MS3KBOFRAS,F,english,4,35,electric kettle,3,Bob,1001,sharp,1000,0.0176991150442
AW8MS3KBOFRAS,F,english,4,35,electric kettle,3,Bob,5000,round,5000,0.00884955752212
AW8MS3KBOFRAS,F,english,4,35,electric kettle,3,Bob,5001,sharp,5000,0.00884955752212
AW8MS3KBOFRAS,F,english,4,35,electric kettle,3,Bob,10000,round,10000,0.0176991150442
AW8MS3KBOFRAS,F,english,4,35,electric kettle,3,Bob,10001,sharp,10000,0.00884955752212
A3RHYRK2KWHAAY,F,English,4,45,watch,1,Bob,50,round,50,0.210144927536
A3RHYRK2KWHAAY,F,English,4,45,watch,1,Bob,51,sharp,50,0.210144927536
A3RHYRK2KWHAAY,F,English,4,45,watch,1,Bob,500,round,500,0.0724637681159
A3RHYRK2KWHAAY,F,English,4,45,watch,1,Bob,501,sharp,500,0.0724637681159
A3RHYRK2KWHAAY,F,English,4,45,watch,1,Bob,1000,round,1000,0.0724637681159
A3RHYRK2KWHAAY,F,English,4,45,watch,1,Bob,1001,sharp,1000,0.0724637681159
A3RHYRK2KWHAAY,F,English,4,45,watch,1,Bob,5000,round,5000,0.0724637681159
A3RHYRK2KWHAAY,F,English,4,45,watch,1,Bob,5001,sharp,5000,0.0724637681159
A3RHYRK2KWHAAY,F,English,4,45,watch,1,Bob,10000,round,10000,0.0724637681159
A3RHYRK2KWHAAY,F,English,4,45,watch,1,Bob,10001,sharp,10000,0.0724637681159
A3RHYRK2KWHAAY,F,English,4,45,electric kettle,2,Calvin,50,round,50,0.475409836066
A3RHYRK2KWHAAY,F,English,4,45,electric kettle,2,Calvin,51,sharp,50,0.491803278689
A3RHYRK2KWHAAY,F,English,4,45,electric kettle,2,Calvin,500,round,500,0.0
A3RHYRK2KWHAAY,F,English,4,45,electric kettle,2,Calvin,501,sharp,500,0.0
A3RHYRK2KWHAAY,F,English,4,45,electric kettle,2,Calvin,1000,round,1000,0.016393442623
A3RHYRK2KWHAAY,F,English,4,45,electric kettle,2,Calvin,1001,sharp,1000,0.016393442623
A3RHYRK2KWHAAY,F,English,4,45,electric kettle,2,Calvin,5000,round,5000,0.0
A3RHYRK2KWHAAY,F,English,4,45,electric kettle,2,Calvin,5001,sharp,5000,0.0
A3RHYRK2KWHAAY,F,English,4,45,electric kettle,2,Calvin,10000,round,10000,0.0
A3RHYRK2KWHAAY,F,English,4,45,electric kettle,2,Calvin,10001,sharp,10000,0.0
A3RHYRK2KWHAAY,F,English,4,45,laptop,3,Alex,50,round,50,0.0649350649351
A3RHYRK2KWHAAY,F,English,4,45,laptop,3,Alex,51,sharp,50,0.0649350649351
A3RHYRK2KWHAAY,F,English,4,45,laptop,3,Alex,500,round,500,0.162337662338
A3RHYRK2KWHAAY,F,English,4,45,laptop,3,Alex,501,sharp,500,0.162337662338
A3RHYRK2KWHAAY,F,English,4,45,laptop,3,Alex,1000,round,1000,0.162337662338
A3RHYRK2KWHAAY,F,English,4,45,laptop,3,Alex,1001,sharp,1000,0.162337662338
A3RHYRK2KWHAAY,F,English,4,45,laptop,3,Alex,5000,round,5000,0.0714285714286
A3RHYRK2KWHAAY,F,English,4,45,laptop,3,Alex,5001,sharp,5000,0.0714285714286
A3RHYRK2KWHAAY,F,English,4,45,laptop,3,Alex,10000,round,10000,0.038961038961
A3RHYRK2KWHAAY,F,English,4,45,laptop,3,Alex,10001,sharp,10000,0.038961038961
A12LT5LMXMNXIO,M,English,8,55,watch,1,Alex,50,round,50,0.322222222222
A12LT5LMXMNXIO,M,English,8,55,watch,1,Alex,51,sharp,50,0.322222222222
A12LT5LMXMNXIO,M,English,8,55,watch,1,Alex,500,round,500,0.0666666666667
A12LT5LMXMNXIO,M,English,8,55,watch,1,Alex,501,sharp,500,0.0666666666667
A12LT5LMXMNXIO,M,English,8,55,watch,1,Alex,1000,round,1000,0.0555555555556
A12LT5LMXMNXIO,M,English,8,55,watch,1,Alex,1001,sharp,1000,0.0555555555556
A12LT5LMXMNXIO,M,English,8,55,watch,1,Alex,5000,round,5000,0.0444444444444
A12LT5LMXMNXIO,M,English,8,55,watch,1,Alex,5001,sharp,5000,0.0222222222222
A12LT5LMXMNXIO,M,English,8,55,watch,1,Alex,10000,round,10000,0.0222222222222
A12LT5LMXMNXIO,M,English,8,55,watch,1,Alex,10001,sharp,10000,0.0222222222222
A12LT5LMXMNXIO,M,English,8,55,electric kettle,2,Bob,50,round,50,0.422535211268
A12LT5LMXMNXIO,M,English,8,55,electric kettle,2,Bob,51,sharp,50,0.422535211268
A12LT5LMXMNXIO,M,English,8,55,electric kettle,2,Bob,500,round,500,0.0281690140845
A12LT5LMXMNXIO,M,English,8,55,electric kettle,2,Bob,501,sharp,500,0.0281690140845
A12LT5LMXMNXIO,M,English,8,55,electric kettle,2,Bob,1000,round,1000,0.0281690140845
A12LT5LMXMNXIO,M,English,8,55,electric kettle,2,Bob,1001,sharp,1000,0.0281690140845
A12LT5LMXMNXIO,M,English,8,55,electric kettle,2,Bob,5000,round,5000,0.0140845070423
A12LT5LMXMNXIO,M,English,8,55,electric kettle,2,Bob,5001,sharp,5000,0.0140845070423
A12LT5LMXMNXIO,M,English,8,55,electric kettle,2,Bob,10000,round,10000,0.0140845070423
A12LT5LMXMNXIO,M,English,8,55,electric kettle,2,Bob,10001,sharp,10000,0.0
A12LT5LMXMNXIO,M,English,8,55,laptop,3,Calvin,50,round,50,0.0149253731343
A12LT5LMXMNXIO,M,English,8,55,laptop,3,Calvin,51,sharp,50,0.0
A12LT5LMXMNXIO,M,English,8,55,laptop,3,Calvin,500,round,500,0.0149253731343
A12LT5LMXMNXIO,M,English,8,55,laptop,3,Calvin,501,sharp,500,0.0149253731343
A12LT5LMXMNXIO,M,English,8,55,laptop,3,Calvin,1000,round,1000,0.328358208955
A12LT5LMXMNXIO,M,English,8,55,laptop,3,Calvin,1001,sharp,1000,0.34328358209
A12LT5LMXMNXIO,M,English,8,55,laptop,3,Calvin,5000,round,5000,0.089552238806
A12LT5LMXMNXIO,M,English,8,55,laptop,3,Calvin,5001,sharp,5000,0.089552238806
A12LT5LMXMNXIO,M,English,8,55,laptop,3,Calvin,10000,round,10000,0.0597014925373
A12LT5LMXMNXIO,M,English,8,55,laptop,3,Calvin,10001,sharp,10000,0.044776119403
A1E7IRBPHID9JC,F,English,10,55,watch,1,Bob,50,round,50,0.29
A1E7IRBPHID9JC,F,English,10,55,watch,1,Bob,51,sharp,50,0.29
A1E7IRBPHID9JC,F,English,10,55,watch,1,Bob,500,round,500,0.09
A1E7IRBPHID9JC,F,English,10,55,watch,1,Bob,501,sharp,500,0.09
A1E7IRBPHID9JC,F,English,10,55,watch,1,Bob,1000,round,1000,0.05
A1E7IRBPHID9JC,F,English,10,55,watch,1,Bob,1001,sharp,1000,0.05
A1E7IRBPHID9JC,F,English,10,55,watch,1,Bob,5000,round,5000,0.04
A1E7IRBPHID9JC,F,English,10,55,watch,1,Bob,5001,sharp,5000,0.04
A1E7IRBPHID9JC,F,English,10,55,watch,1,Bob,10000,round,10000,0.03
A1E7IRBPHID9JC,F,English,10,55,watch,1,Bob,10001,sharp,10000,0.03
A1E7IRBPHID9JC,F,English,10,55,electric kettle,2,Calvin,50,round,50,0.278846153846
A1E7IRBPHID9JC,F,English,10,55,electric kettle,2,Calvin,51,sharp,50,0.278846153846
A1E7IRBPHID9JC,F,English,10,55,electric kettle,2,Calvin,500,round,500,0.0961538461538
A1E7IRBPHID9JC,F,English,10,55,electric kettle,2,Calvin,501,sharp,500,0.0961538461538
A1E7IRBPHID9JC,F,English,10,55,electric kettle,2,Calvin,1000,round,1000,0.0673076923077
A1E7IRBPHID9JC,F,English,10,55,electric kettle,2,Calvin,1001,sharp,1000,0.0673076923077
A1E7IRBPHID9JC,F,English,10,55,electric kettle,2,Calvin,5000,round,5000,0.0384615384615
A1E7IRBPHID9JC,F,English,10,55,electric kettle,2,Calvin,5001,sharp,5000,0.0384615384615
A1E7IRBPHID9JC,F,English,10,55,electric kettle,2,Calvin,10000,round,10000,0.0192307692308
A1E7IRBPHID9JC,F,English,10,55,electric kettle,2,Calvin,10001,sharp,10000,0.0192307692308
A1E7IRBPHID9JC,F,English,10,55,laptop,3,Alex,50,round,50,0.00854700854701
A1E7IRBPHID9JC,F,English,10,55,laptop,3,Alex,51,sharp,50,0.00854700854701
A1E7IRBPHID9JC,F,English,10,55,laptop,3,Alex,500,round,500,0.0384615384615
A1E7IRBPHID9JC,F,English,10,55,laptop,3,Alex,501,sharp,500,0.0384615384615
A1E7IRBPHID9JC,F,English,10,55,laptop,3,Alex,1000,round,1000,0.123931623932
A1E7IRBPHID9JC,F,English,10,55,laptop,3,Alex,1001,sharp,1000,0.123931623932
A1E7IRBPHID9JC,F,English,10,55,laptop,3,Alex,5000,round,5000,0.162393162393
A1E7IRBPHID9JC,F,English,10,55,laptop,3,Alex,5001,sharp,5000,0.162393162393
A1E7IRBPHID9JC,F,English,10,55,laptop,3,Alex,10000,round,10000,0.166666666667
A1E7IRBPHID9JC,F,English,10,55,laptop,3,Alex,10001,sharp,10000,0.166666666667
A13E3P6QQ9F5PO,M,English,6,45,watch,1,Calvin,50,round,50,0.283018867925
A13E3P6QQ9F5PO,M,English,6,45,watch,1,Calvin,51,sharp,50,0.283018867925
A13E3P6QQ9F5PO,M,English,6,45,watch,1,Calvin,500,round,500,0.150943396226
A13E3P6QQ9F5PO,M,English,6,45,watch,1,Calvin,501,sharp,500,0.150943396226
A13E3P6QQ9F5PO,M,English,6,45,watch,1,Calvin,1000,round,1000,0.0377358490566
A13E3P6QQ9F5PO,M,English,6,45,watch,1,Calvin,1001,sharp,1000,0.0377358490566
A13E3P6QQ9F5PO,M,English,6,45,watch,1,Calvin,5000,round,5000,0.0283018867925
A13E3P6QQ9F5PO,M,English,6,45,watch,1,Calvin,5001,sharp,5000,0.0283018867925
A13E3P6QQ9F5PO,M,English,6,45,watch,1,Calvin,10000,round,10000,0.0
A13E3P6QQ9F5PO,M,English,6,45,watch,1,Calvin,10001,sharp,10000,0.0
A13E3P6QQ9F5PO,M,English,6,45,electric kettle,2,Alex,50,round,50,0.5
A13E3P6QQ9F5PO,M,English,6,45,electric kettle,2,Alex,51,sharp,50,0.5
A13E3P6QQ9F5PO,M,English,6,45,electric kettle,2,Alex,500,round,500,0.0
A13E3P6QQ9F5PO,M,English,6,45,electric kettle,2,Alex,501,sharp,500,0.0
A13E3P6QQ9F5PO,M,English,6,45,electric kettle,2,Alex,1000,round,1000,0.0
A13E3P6QQ9F5PO,M,English,6,45,electric kettle,2,Alex,1001,sharp,1000,0.0
A13E3P6QQ9F5PO,M,English,6,45,electric kettle,2,Alex,5000,round,5000,0.0
A13E3P6QQ9F5PO,M,English,6,45,electric kettle,2,Alex,5001,sharp,5000,0.0
A13E3P6QQ9F5PO,M,English,6,45,electric kettle,2,Alex,10000,round,10000,0.0
A13E3P6QQ9F5PO,M,English,6,45,electric kettle,2,Alex,10001,sharp,10000,0.0
A13E3P6QQ9F5PO,M,English,6,45,laptop,3,Bob,50,round,50,0.0
A13E3P6QQ9F5PO,M,English,6,45,laptop,3,Bob,51,sharp,50,0.0
A13E3P6QQ9F5PO,M,English,6,45,laptop,3,Bob,500,round,500,0.202702702703
A13E3P6QQ9F5PO,M,English,6,45,laptop,3,Bob,501,sharp,500,0.202702702703
A13E3P6QQ9F5PO,M,English,6,45,laptop,3,Bob,1000,round,1000,0.27027027027
A13E3P6QQ9F5PO,M,English,6,45,laptop,3,Bob,1001,sharp,1000,0.27027027027
A13E3P6QQ9F5PO,M,English,6,45,laptop,3,Bob,5000,round,5000,0.027027027027
A13E3P6QQ9F5PO,M,English,6,45,laptop,3,Bob,5001,sharp,5000,0.027027027027
A13E3P6QQ9F5PO,M,English,6,45,laptop,3,Bob,10000,round,10000,0.0
A13E3P6QQ9F5PO,M,English,6,45,laptop,3,Bob,10001,sharp,10000,0.0
A1Y0GZJDECNCQR,M,English,4,35,watch,1,Bob,50,round,50,0.0654205607477
A1Y0GZJDECNCQR,M,English,4,35,watch,1,Bob,51,sharp,50,0.242990654206
A1Y0GZJDECNCQR,M,English,4,35,watch,1,Bob,500,round,500,0.289719626168
A1Y0GZJDECNCQR,M,English,4,35,watch,1,Bob,501,sharp,500,0.317757009346
A1Y0GZJDECNCQR,M,English,4,35,watch,1,Bob,1000,round,1000,0.0373831775701
A1Y0GZJDECNCQR,M,English,4,35,watch,1,Bob,1001,sharp,1000,0.0467289719626
A1Y0GZJDECNCQR,M,English,4,35,watch,1,Bob,5000,round,5000,0.0
A1Y0GZJDECNCQR,M,English,4,35,watch,1,Bob,5001,sharp,5000,0.0
A1Y0GZJDECNCQR,M,English,4,35,watch,1,Bob,10000,round,10000,0.0
A1Y0GZJDECNCQR,M,English,4,35,watch,1,Bob,10001,sharp,10000,0.0
A1Y0GZJDECNCQR,M,English,4,35,electric kettle,2,Calvin,50,round,50,0.506329113924
A1Y0GZJDECNCQR,M,English,4,35,electric kettle,2,Calvin,51,sharp,50,0.493670886076
A1Y0GZJDECNCQR,M,English,4,35,electric kettle,2,Calvin,500,round,500,0.0
A1Y0GZJDECNCQR,M,English,4,35,electric kettle,2,Calvin,501,sharp,500,0.0
A1Y0GZJDECNCQR,M,English,4,35,electric kettle,2,Calvin,1000,round,1000,0.0
A1Y0GZJDECNCQR,M,English,4,35,electric kettle,2,Calvin,1001,sharp,1000,0.0
A1Y0GZJDECNCQR,M,English,4,35,electric kettle,2,Calvin,5000,round,5000,0.0
A1Y0GZJDECNCQR,M,English,4,35,electric kettle,2,Calvin,5001,sharp,5000,0.0
A1Y0GZJDECNCQR,M,English,4,35,electric kettle,2,Calvin,10000,round,10000,0.0
A1Y0GZJDECNCQR,M,English,4,35,electric kettle,2,Calvin,10001,sharp,10000,0.0
A1Y0GZJDECNCQR,M,English,4,35,laptop,3,Alex,50,round,50,0.0
A1Y0GZJDECNCQR,M,English,4,35,laptop,3,Alex,51,sharp,50,0.0
A1Y0GZJDECNCQR,M,English,4,35,laptop,3,Alex,500,round,500,0.192307692308
A1Y0GZJDECNCQR,M,English,4,35,laptop,3,Alex,501,sharp,500,0.192307692308
A1Y0GZJDECNCQR,M,English,4,35,laptop,3,Alex,1000,round,1000,0.21978021978
A1Y0GZJDECNCQR,M,English,4,35,laptop,3,Alex,1001,sharp,1000,0.21978021978
A1Y0GZJDECNCQR,M,English,4,35,laptop,3,Alex,5000,round,5000,0.0769230769231
A1Y0GZJDECNCQR,M,English,4,35,laptop,3,Alex,5001,sharp,5000,0.0714285714286
A1Y0GZJDECNCQR,M,English,4,35,laptop,3,Alex,10000,round,10000,0.010989010989
A1Y0GZJDECNCQR,M,English,4,35,laptop,3,Alex,10001,sharp,10000,0.0164835164835
A261BGQAPP1916,F,English,4,25,watch,1,Bob,50,round,50,0.245398773006
A261BGQAPP1916,F,English,4,25,watch,1,Bob,51,sharp,50,0.245398773006
A261BGQAPP1916,F,English,4,25,watch,1,Bob,500,round,500,0.141104294479
A261BGQAPP1916,F,English,4,25,watch,1,Bob,501,sharp,500,0.147239263804
A261BGQAPP1916,F,English,4,25,watch,1,Bob,1000,round,1000,0.0613496932515
A261BGQAPP1916,F,English,4,25,watch,1,Bob,1001,sharp,1000,0.079754601227
A261BGQAPP1916,F,English,4,25,watch,1,Bob,5000,round,5000,0.0245398773006
A261BGQAPP1916,F,English,4,25,watch,1,Bob,5001,sharp,5000,0.0429447852761
A261BGQAPP1916,F,English,4,25,watch,1,Bob,10000,round,10000,0.0
A261BGQAPP1916,F,English,4,25,watch,1,Bob,10001,sharp,10000,0.0122699386503
A261BGQAPP1916,F,English,4,25,electric kettle,2,Calvin,50,round,50,0.319327731092
A261BGQAPP1916,F,English,4,25,electric kettle,2,Calvin,51,sharp,50,0.27731092437
A261BGQAPP1916,F,English,4,25,electric kettle,2,Calvin,500,round,500,0.0840336134454
A261BGQAPP1916,F,English,4,25,electric kettle,2,Calvin,501,sharp,500,0.100840336134
A261BGQAPP1916,F,English,4,25,electric kettle,2,Calvin,1000,round,1000,0.0756302521008
A261BGQAPP1916,F,English,4,25,electric kettle,2,Calvin,1001,sharp,1000,0.0588235294118
A261BGQAPP1916,F,English,4,25,electric kettle,2,Calvin,5000,round,5000,0.0336134453782
A261BGQAPP1916,F,English,4,25,electric kettle,2,Calvin,5001,sharp,5000,0.0336134453782
A261BGQAPP1916,F,English,4,25,electric kettle,2,Calvin,10000,round,10000,0.0
A261BGQAPP1916,F,English,4,25,electric kettle,2,Calvin,10001,sharp,10000,0.0168067226891
A261BGQAPP1916,F,English,4,25,laptop,3,Alex,50,round,50,0.0614525139665
A261BGQAPP1916,F,English,4,25,laptop,3,Alex,51,sharp,50,0.0782122905028
A261BGQAPP1916,F,English,4,25,laptop,3,Alex,500,round,500,0.201117318436
A261BGQAPP1916,F,English,4,25,laptop,3,Alex,501,sharp,500,0.201117318436
A261BGQAPP1916,F,English,4,25,laptop,3,Alex,1000,round,1000,0.167597765363
A261BGQAPP1916,F,English,4,25,laptop,3,Alex,1001,sharp,1000,0.173184357542
A261BGQAPP1916,F,English,4,25,laptop,3,Alex,5000,round,5000,0.0614525139665
A261BGQAPP1916,F,English,4,25,laptop,3,Alex,5001,sharp,5000,0.0446927374302
A261BGQAPP1916,F,English,4,25,laptop,3,Alex,10000,round,10000,0.0111731843575
A261BGQAPP1916,F,English,4,25,laptop,3,Alex,10001,sharp,10000,0.0
A7FL0UDBGPAO0,F,English,4,35,laptop,1,Bob,50,round,50,0.0
A7FL0UDBGPAO0,F,English,4,35,laptop,1,Bob,51,sharp,50,0.0
A7FL0UDBGPAO0,F,English,4,35,laptop,1,Bob,500,round,500,0.190476190476
A7FL0UDBGPAO0,F,English,4,35,laptop,1,Bob,501,sharp,500,0.190476190476
A7FL0UDBGPAO0,F,English,4,35,laptop,1,Bob,1000,round,1000,0.17619047619
A7FL0UDBGPAO0,F,English,4,35,laptop,1,Bob,1001,sharp,1000,0.17619047619
A7FL0UDBGPAO0,F,English,4,35,laptop,1,Bob,5000,round,5000,0.114285714286
A7FL0UDBGPAO0,F,English,4,35,laptop,1,Bob,5001,sharp,5000,0.114285714286
A7FL0UDBGPAO0,F,English,4,35,laptop,1,Bob,10000,round,10000,0.0190476190476
A7FL0UDBGPAO0,F,English,4,35,laptop,1,Bob,10001,sharp,10000,0.0190476190476
A7FL0UDBGPAO0,F,English,4,35,watch,2,Calvin,50,round,50,0.186666666667
A7FL0UDBGPAO0,F,English,4,35,watch,2,Calvin,51,sharp,50,0.186666666667
A7FL0UDBGPAO0,F,English,4,35,watch,2,Calvin,500,round,500,0.173333333333
A7FL0UDBGPAO0,F,English,4,35,watch,2,Calvin,501,sharp,500,0.173333333333
A7FL0UDBGPAO0,F,English,4,35,watch,2,Calvin,1000,round,1000,0.1
A7FL0UDBGPAO0,F,English,4,35,watch,2,Calvin,1001,sharp,1000,0.0933333333333
A7FL0UDBGPAO0,F,English,4,35,watch,2,Calvin,5000,round,5000,0.0466666666667
A7FL0UDBGPAO0,F,English,4,35,watch,2,Calvin,5001,sharp,5000,0.04
A7FL0UDBGPAO0,F,English,4,35,watch,2,Calvin,10000,round,10000,0.0
A7FL0UDBGPAO0,F,English,4,35,watch,2,Calvin,10001,sharp,10000,0.0
A7FL0UDBGPAO0,F,English,4,35,electric kettle,3,Alex,50,round,50,0.43661971831
A7FL0UDBGPAO0,F,English,4,35,electric kettle,3,Alex,51,sharp,50,0.43661971831
A7FL0UDBGPAO0,F,English,4,35,electric kettle,3,Alex,500,round,500,0.056338028169
A7FL0UDBGPAO0,F,English,4,35,electric kettle,3,Alex,501,sharp,500,0.0704225352113
A7FL0UDBGPAO0,F,English,4,35,electric kettle,3,Alex,1000,round,1000,0.0
A7FL0UDBGPAO0,F,English,4,35,electric kettle,3,Alex,1001,sharp,1000,0.0
A7FL0UDBGPAO0,F,English,4,35,electric kettle,3,Alex,5000,round,5000,0.0
A7FL0UDBGPAO0,F,English,4,35,electric kettle,3,Alex,5001,sharp,5000,0.0
A7FL0UDBGPAO0,F,English,4,35,electric kettle,3,Alex,10000,round,10000,0.0
A7FL0UDBGPAO0,F,English,4,35,electric kettle,3,Alex,10001,sharp,10000,0.0
A23MB6ZZ9X05P9,F,english,8,35,watch,1,Alex,50,round,50,0.154285714286
A23MB6ZZ9X05P9,F,english,8,35,watch,1,Alex,51,sharp,50,0.165714285714
A23MB6ZZ9X05P9,F,english,8,35,watch,1,Alex,500,round,500,0.114285714286
A23MB6ZZ9X05P9,F,english,8,35,watch,1,Alex,501,sharp,500,0.114285714286
A23MB6ZZ9X05P9,F,english,8,35,watch,1,Alex,1000,round,1000,0.08
A23MB6ZZ9X05P9,F,english,8,35,watch,1,Alex,1001,sharp,1000,0.08
A23MB6ZZ9X05P9,F,english,8,35,watch,1,Alex,5000,round,5000,0.0857142857143
A23MB6ZZ9X05P9,F,english,8,35,watch,1,Alex,5001,sharp,5000,0.0857142857143
A23MB6ZZ9X05P9,F,english,8,35,watch,1,Alex,10000,round,10000,0.0457142857143
A23MB6ZZ9X05P9,F,english,8,35,watch,1,Alex,10001,sharp,10000,0.0742857142857
A23MB6ZZ9X05P9,F,english,8,35,electric kettle,2,Bob,50,round,50,0.232558139535
A23MB6ZZ9X05P9,F,english,8,35,electric kettle,2,Bob,51,sharp,50,0.232558139535
A23MB6ZZ9X05P9,F,english,8,35,electric kettle,2,Bob,500,round,500,0.104651162791
A23MB6ZZ9X05P9,F,english,8,35,electric kettle,2,Bob,501,sharp,500,0.116279069767
A23MB6ZZ9X05P9,F,english,8,35,electric kettle,2,Bob,1000,round,1000,0.0697674418605
A23MB6ZZ9X05P9,F,english,8,35,electric kettle,2,Bob,1001,sharp,1000,0.0581395348837
A23MB6ZZ9X05P9,F,english,8,35,electric kettle,2,Bob,5000,round,5000,0.0581395348837
A23MB6ZZ9X05P9,F,english,8,35,electric kettle,2,Bob,5001,sharp,5000,0.046511627907
A23MB6ZZ9X05P9,F,english,8,35,electric kettle,2,Bob,10000,round,10000,0.046511627907
A23MB6ZZ9X05P9,F,english,8,35,electric kettle,2,Bob,10001,sharp,10000,0.0348837209302
A23MB6ZZ9X05P9,F,english,8,35,laptop,3,Calvin,50,round,50,0.0253164556962
A23MB6ZZ9X05P9,F,english,8,35,laptop,3,Calvin,51,sharp,50,0.0253164556962
A23MB6ZZ9X05P9,F,english,8,35,laptop,3,Calvin,500,round,500,0.151898734177
A23MB6ZZ9X05P9,F,english,8,35,laptop,3,Calvin,501,sharp,500,0.139240506329
A23MB6ZZ9X05P9,F,english,8,35,laptop,3,Calvin,1000,round,1000,0.240506329114
A23MB6ZZ9X05P9,F,english,8,35,laptop,3,Calvin,1001,sharp,1000,0.23417721519
A23MB6ZZ9X05P9,F,english,8,35,laptop,3,Calvin,5000,round,5000,0.0632911392405
A23MB6ZZ9X05P9,F,english,8,35,laptop,3,Calvin,5001,sharp,5000,0.0632911392405
A23MB6ZZ9X05P9,F,english,8,35,laptop,3,Calvin,10000,round,10000,0.0253164556962
A23MB6ZZ9X05P9,F,english,8,35,laptop,3,Calvin,10001,sharp,10000,0.0316455696203
